Center X,Center Y,Speed X,Speed Y
70.5,93.0,1.6736467210032075,0.0
70.5,93.0,0.0,0.0
70.5,93.0,0.0,0.0
70.5,93.0,0.0,0.0
70.5,93.0,0.0,0.0
70.5,93.0,0.0,0.0
70.5,93.0,0.0,0.0
70.5,93.0,0.0,0.0
70.5,93.0,0.0,0.0
70.5,93.0,0.0,0.0
70.5,93.0,0.0,0.0
70.5,93.0,0.0,0.0
70.5,93.0,0.0,0.0
70.5,93.0,0.0,0.0
70.5,93.0,0.0,0.0
70.5,93.0,0.0,0.0
70.5,93.0,0.0,0.0
70.5,93.0,0.0,0.0
70.5,93.0,0.0,0.0
70.5,93.0,0.0,0.0
70.5,93.0,0.0,0.0
70.5,93.0,0.0,0.0
70.5,93.0,0.0,0.0
70.5,93.0,0.0,0.0
70.5,93.0,0.0,0.0
70.5,93.0,0.0,0.0
70.5,93.0,0.0,0.0
70.5,93.0,0.0,0.0
70.5,93.0,0.0,0.0
70.5,93.0,0.0,0.0
70.5,93.0,0.0,0.0
70.5,93.0,0.0,0.0
70.5,93.0,0.0,0.0
70.5,93.0,0.0,0.0
70.5,93.0,0.0,0.0
70.5,93.0,0.0,0.0
70.5,93.0,0.0,0.0
70.5,93.0,0.0,0.0
70.5,93.0,0.0,0.0
70.5,93.0,0.0,0.0
70.5,93.0,0.0,0.0
70.5,93.0,0.0,0.0
70.5,93.0,0.0,0.0
70.5,93.0,0.0,0.0
70.5,93.0,0.0,0.0
70.5,93.0,0.0,0.0
70.5,93.0,0.0,0.0
70.5,93.0,0.0,0.0
70.5,93.0,0.0,0.0
70.5,93.0,0.0,0.0
70.5,93.0,0.0,0.0
70.5,93.0,0.0,0.0
70.5,93.0,0.0,0.0
70.5,93.0,0.0,0.0
70.5,93.0,0.0,0.0
70.5,93.0,0.0,0.0
70.5,93.0,0.0,0.0
70.5,93.0,0.0,0.0
70.5,93.0,0.0,0.0
70.5,93.0,0.0,0.0
70.5,93.0,0.0,0.0
70.5,93.0,0.0,0.0
70.5,93.0,0.0,0.0
71.0,93.0,1.6131435160761447,0.0
70.5,93.0,-1.9189708722249823,0.0
70.5,93.0,0.0,0.0
70.5,93.0,0.0,0.0
70.5,93.0,0.0,0.0
71.0,93.0,1.6185844961659437,0.0
71.0,93.0,0.0,0.0
71.0,93.0,0.0,0.0
70.5,93.0,-1.738719861665082,0.0
70.5,93.0,0.0,0.0
71.0,93.0,1.8627353717241668,0.0
71.0,93.0,0.0,0.0
70.5,93.0,-1.6084359112637636,0.0
71.0,93.0,1.545488256501465,0.0
70.5,93.0,-1.5821763737003256,0.0
70.5,93.0,0.0,0.0
70.5,93.0,0.0,0.0
70.5,93.0,0.0,0.0
70.5,93.0,0.0,0.0
71.0,93.0,1.7913033392735798,0.0
71.0,93.0,0.0,0.0
70.5,93.0,-1.7827893136058706,0.0
70.5,93.0,0.0,0.0
70.5,93.0,0.0,0.0
70.5,93.0,0.0,0.0
71.0,93.0,1.9191321268460557,0.0
71.0,93.0,0.0,0.0
71.0,93.0,0.0,0.0
70.5,93.0,-1.8152815023151458,0.0
71.0,93.0,1.7801920360609134,0.0
71.0,93.0,0.0,0.0
70.5,93.0,-1.6154271949614856,0.0
71.0,93.0,1.6113865480556302,0.0
71.0,93.0,0.0,0.0
70.5,93.0,-1.8583206542884563,0.0
71.0,93.0,1.5837912888075634,0.0
71.0,93.0,0.0,0.0
70.5,93.0,-1.6050844491820357,0.0
70.5,93.0,0.0,0.0
71.0,93.0,1.6060414927339945,0.0
70.5,93.0,-1.628075306059855,0.0
71.0,93.0,1.6073357913424577,0.0
71.0,93.0,0.0,0.0
71.0,93.0,0.0,0.0
71.0,93.0,0.0,0.0
71.0,93.0,0.0,0.0
71.0,93.0,0.0,0.0
71.0,93.0,0.0,0.0
71.0,93.0,0.0,0.0
71.0,93.0,0.0,0.0
71.0,93.0,0.0,0.0
71.0,93.0,0.0,0.0
71.0,93.0,0.0,0.0
71.0,93.0,0.0,0.0
71.0,93.0,0.0,0.0
71.0,93.0,0.0,0.0
71.0,93.0,0.0,0.0
71.0,93.0,0.0,0.0
70.5,93.0,-1.6081487783003958,0.0
71.0,93.0,1.9252570893348795,0.0
71.0,93.0,0.0,0.0
71.0,93.0,0.0,0.0
71.0,93.0,0.0,0.0
71.0,93.0,0.0,0.0
70.5,93.0,-1.735283115840605,0.0
71.0,93.0,1.8442043277427655,0.0
71.0,93.0,0.0,0.0
71.0,93.0,0.0,0.0
71.0,93.0,0.0,0.0
71.0,93.0,0.0,0.0
71.0,93.0,0.0,0.0
71.0,93.0,0.0,0.0
71.0,93.0,0.0,0.0
71.0,93.0,0.0,0.0
71.0,93.0,0.0,0.0
71.0,93.0,0.0,0.0
71.0,93.0,0.0,0.0
71.0,93.0,0.0,0.0
71.0,93.0,0.0,0.0
71.0,93.0,0.0,0.0
71.0,93.0,0.0,0.0
71.0,93.0,0.0,0.0
71.0,93.0,0.0,0.0
71.0,93.0,0.0,0.0
71.0,93.0,0.0,0.0
71.0,93.0,0.0,0.0
71.0,93.0,0.0,0.0
71.0,93.0,0.0,0.0
71.0,93.0,0.0,0.0
71.0,93.0,0.0,0.0
71.0,93.0,0.0,0.0
71.0,93.0,0.0,0.0
71.0,93.0,0.0,0.0
71.0,93.0,0.0,0.0
71.0,93.0,0.0,0.0
71.0,93.0,0.0,0.0
71.0,93.0,0.0,0.0
71.0,93.0,0.0,0.0
71.0,93.0,0.0,0.0
71.0,93.0,0.0,0.0
71.0,93.0,0.0,0.0
71.0,93.0,0.0,0.0
71.0,93.0,0.0,0.0
Center X,Center Y,Speed X,Speed Y
71.0,93.5,0.0,1.884691347497804
71.0,93.5,0.0,0.0
71.0,93.5,0.0,0.0
71.0,93.5,0.0,0.0
71.0,93.5,0.0,0.0
71.5,93.5,1.606633459152225,0.0
71.5,93.5,0.0,0.0
71.5,93.5,0.0,0.0
71.5,93.5,0.0,0.0
71.5,93.5,0.0,0.0
71.5,93.5,0.0,0.0
71.5,93.5,0.0,0.0
71.5,93.5,0.0,0.0
71.5,93.5,0.0,0.0
71.5,93.5,0.0,0.0
71.5,93.5,0.0,0.0
71.5,93.5,0.0,0.0
71.5,93.5,0.0,0.0
71.5,93.5,0.0,0.0
71.5,93.5,0.0,0.0
71.5,93.5,0.0,0.0
71.5,93.5,0.0,0.0
71.5,93.5,0.0,0.0
71.5,93.5,0.0,0.0
Center X,Center Y,Speed X,Speed Y
71.5,93.0,1.6075907575714619,0.0
71.5,93.0,0.0,0.0
71.5,93.0,0.0,0.0
71.5,93.0,0.0,0.0
71.5,93.0,0.0,0.0
71.5,93.0,0.0,0.0
71.5,93.0,0.0,0.0
71.5,93.0,0.0,0.0
71.5,93.0,0.0,0.0
71.5,93.0,0.0,0.0
71.5,93.0,0.0,0.0
71.5,93.0,0.0,0.0
71.5,93.0,0.0,0.0
71.5,93.0,0.0,0.0
71.5,93.0,0.0,0.0
Center X,Center Y,Speed X,Speed Y
Center X,Center Y,Speed X,Speed Y
Center X,Center Y,Speed X,Speed Y
Center X,Center Y,Speed X,Speed Y
Center X,Center Y,Speed X,Speed Y
Center X,Center Y,Speed X,Speed Y
Center X,Center Y,Speed X,Speed Y
Center X,Center Y,Speed X,Speed Y
50.0,69.0,3.922639362004479,0.0
50.0,69.0,0.0,0.0
50.0,69.0,0.0,0.0
50.0,69.0,0.0,0.0
50.0,69.0,0.0,0.0
50.0,69.0,0.0,0.0
50.0,69.0,0.0,0.0
50.0,69.0,0.0,0.0
50.0,69.0,0.0,0.0
Center X,Center Y,Speed X,Speed Y
49.5,69.0,1.6522965193964292,0.0
49.5,69.0,0.0,0.0
49.5,69.0,0.0,0.0
49.5,69.0,0.0,0.0
49.5,69.0,0.0,0.0
49.5,69.0,0.0,0.0
49.5,69.0,0.0,0.0
49.5,69.0,0.0,0.0
49.5,69.0,0.0,0.0
49.5,69.0,0.0,0.0
49.5,69.0,0.0,0.0
49.5,69.0,0.0,0.0
49.5,69.0,0.0,0.0
49.5,69.0,0.0,0.0
49.5,69.0,0.0,0.0
49.5,69.0,0.0,0.0
49.5,69.0,0.0,0.0
49.5,69.0,0.0,0.0
49.5,69.0,0.0,0.0
49.5,69.0,0.0,0.0
49.5,69.0,0.0,0.0
49.5,69.0,0.0,0.0
49.5,69.0,0.0,0.0
49.5,69.0,0.0,0.0
49.5,69.0,0.0,0.0
49.5,69.0,0.0,0.0
49.5,69.0,0.0,0.0
49.5,69.0,0.0,0.0
49.5,69.0,0.0,0.0
49.5,69.0,0.0,0.0
49.5,69.0,0.0,0.0
49.5,69.0,0.0,0.0
49.5,69.0,0.0,0.0
49.5,69.0,0.0,0.0
49.5,69.0,0.0,0.0
49.5,69.0,0.0,0.0
49.5,69.0,0.0,0.0
49.5,69.0,0.0,0.0
49.5,69.0,0.0,0.0
49.5,69.0,0.0,0.0
49.5,69.0,0.0,0.0
49.5,69.0,0.0,0.0
49.5,69.0,0.0,0.0
49.5,69.0,0.0,0.0
49.5,69.0,0.0,0.0
49.5,69.0,0.0,0.0
49.5,69.0,0.0,0.0
49.5,69.0,0.0,0.0
49.5,69.0,0.0,0.0
49.5,69.0,0.0,0.0
49.5,69.0,0.0,0.0
49.5,69.0,0.0,0.0
49.5,69.0,0.0,0.0
49.5,69.0,0.0,0.0
49.5,69.0,0.0,0.0
49.5,69.0,0.0,0.0
49.5,69.0,0.0,0.0
49.5,69.0,0.0,0.0
49.5,69.0,0.0,0.0
49.5,69.0,0.0,0.0
49.5,69.0,0.0,0.0
49.5,69.0,0.0,0.0
49.5,69.0,0.0,0.0
49.5,69.0,0.0,0.0
49.5,69.0,0.0,0.0
49.5,69.0,0.0,0.0
49.5,69.0,0.0,0.0
49.5,69.0,0.0,0.0
49.5,69.0,0.0,0.0
49.5,69.0,0.0,0.0
49.5,69.0,0.0,0.0
49.5,69.0,0.0,0.0
49.5,69.0,0.0,0.0
49.5,69.0,0.0,0.0
49.5,69.0,0.0,0.0
49.5,69.0,0.0,0.0
49.5,69.0,0.0,0.0
49.5,69.0,0.0,0.0
49.5,69.0,0.0,0.0
49.5,69.0,0.0,0.0
49.5,69.0,0.0,0.0
49.5,69.0,0.0,0.0
49.5,69.0,0.0,0.0
49.5,69.0,0.0,0.0
49.5,69.0,0.0,0.0
49.5,69.0,0.0,0.0
49.5,69.0,0.0,0.0
49.5,69.0,0.0,0.0
49.5,69.0,0.0,0.0
49.5,69.0,0.0,0.0
49.5,69.0,0.0,0.0
49.5,69.0,0.0,0.0
49.5,69.0,0.0,0.0
49.5,69.0,0.0,0.0
49.5,69.0,0.0,0.0
49.5,69.0,0.0,0.0
49.5,69.0,0.0,0.0
49.5,69.0,0.0,0.0
49.5,69.0,0.0,0.0
49.5,69.0,0.0,0.0
49.5,69.0,0.0,0.0
49.5,69.0,0.0,0.0
49.5,69.0,0.0,0.0
49.5,69.0,0.0,0.0
49.5,69.0,0.0,0.0
49.5,69.0,0.0,0.0
49.5,69.0,0.0,0.0
49.5,69.0,0.0,0.0
49.5,69.0,0.0,0.0
49.5,69.0,0.0,0.0
49.5,69.0,0.0,0.0
49.5,69.0,0.0,0.0
49.5,69.0,0.0,0.0
49.5,69.0,0.0,0.0
49.0,69.0,-1.6193102550241927,0.0
44.0,69.0,-16.109126946451397,0.0
37.5,69.0,-21.020993068887574,0.0
32.0,69.0,-19.39954587480523,0.0
30.0,69.0,-7.173851663162783,0.0
30.0,69.0,0.0,0.0
30.0,69.0,0.0,0.0
30.0,69.0,0.0,0.0
30.0,69.0,0.0,0.0
30.0,69.0,0.0,0.0
30.0,69.0,0.0,0.0
30.0,69.0,0.0,0.0
30.0,69.0,0.0,0.0
30.0,69.0,0.0,0.0
30.0,69.0,0.0,0.0
30.0,69.0,0.0,0.0
30.0,69.0,0.0,0.0
30.0,69.0,0.0,0.0
30.0,69.0,0.0,0.0
30.0,69.0,0.0,0.0
30.0,69.0,0.0,0.0
32.5,69.0,7.9047577367733926,0.0
39.0,69.0,16.761598247599583,0.0
43.0,69.5,14.745199172495932,1.8431498965619915
50.0,69.5,19.98046931250118,0.0
53.5,69.5,11.32215765489747,0.0
55.5,69.5,6.4218443572074175,0.0
58.0,69.5,8.111391191177196,0.0
61.0,69.5,9.635180110288552,0.0
62.5,69.5,4.763195611610152,0.0
65.5,69.5,9.79200849270268,0.0
68.0,69.5,8.059303401590656,0.0
70.0,70.0,6.441558154346302,1.6103895385865754
70.0,70.0,0.0,0.0
70.0,70.0,0.0,0.0
70.0,70.0,0.0,0.0
70.0,70.0,0.0,0.0
70.0,70.0,0.0,0.0
70.0,70.0,0.0,0.0
70.0,70.0,0.0,0.0
70.0,70.0,0.0,0.0
70.0,70.0,0.0,0.0
70.0,70.0,0.0,0.0
70.0,70.0,0.0,0.0
70.0,70.0,0.0,0.0
70.0,70.0,0.0,0.0
70.0,70.0,0.0,0.0
70.0,70.0,0.0,0.0
70.0,70.0,0.0,0.0
70.0,70.0,0.0,0.0
70.0,70.0,0.0,0.0
70.0,70.0,0.0,0.0
70.0,70.0,0.0,0.0
70.0,70.0,0.0,0.0
70.0,70.0,0.0,0.0
70.0,70.0,0.0,0.0
70.0,70.0,0.0,0.0
70.0,70.0,0.0,0.0
70.0,70.0,0.0,0.0
70.0,70.0,0.0,0.0
70.0,70.0,0.0,0.0
70.0,70.0,0.0,0.0
70.0,70.0,0.0,0.0
70.0,70.0,0.0,0.0
70.0,70.0,0.0,0.0
70.0,70.0,0.0,0.0
70.0,70.0,0.0,0.0
70.0,70.0,0.0,0.0
70.0,70.0,0.0,0.0
70.0,70.0,0.0,0.0
70.0,70.0,0.0,0.0
70.0,70.0,0.0,0.0
70.0,70.0,0.0,0.0
70.0,70.0,0.0,0.0
70.0,70.0,0.0,0.0
70.0,70.0,0.0,0.0
70.0,70.0,0.0,0.0
70.0,70.0,0.0,0.0
70.0,70.0,0.0,0.0
70.0,70.0,0.0,0.0
70.0,70.0,0.0,0.0
70.0,69.5,0.0,-1.7774951420349332
70.0,70.0,0.0,1.6331454396077205
70.0,69.5,0.0,-1.5975209044493046
70.0,70.0,0.0,1.6319521400949835
70.0,70.0,0.0,0.0
70.0,69.5,0.0,-1.6797599954735474
70.0,70.0,0.0,1.6065920709715449
70.0,70.0,0.0,0.0
70.0,70.0,0.0,0.0
70.0,70.0,0.0,0.0
70.0,70.0,0.0,0.0
70.0,70.0,0.0,0.0
70.0,70.0,0.0,0.0
70.0,70.0,0.0,0.0
70.0,70.0,0.0,0.0
70.0,70.0,0.0,0.0
70.0,70.0,0.0,0.0
70.0,70.0,0.0,0.0
70.0,70.0,0.0,0.0
70.0,70.0,0.0,0.0
70.0,70.0,0.0,0.0
70.0,70.0,0.0,0.0
70.0,70.0,0.0,0.0
70.0,70.0,0.0,0.0
70.0,70.0,0.0,0.0
70.0,70.0,0.0,0.0
70.0,70.0,0.0,0.0
70.0,70.0,0.0,0.0
70.0,70.0,0.0,0.0
70.0,70.0,0.0,0.0
70.0,70.0,0.0,0.0
70.0,70.0,0.0,0.0
70.0,70.0,0.0,0.0
70.0,70.0,0.0,0.0
70.0,70.0,0.0,0.0
70.0,69.5,0.0,-1.631405383406258
70.0,70.0,0.0,1.5997368596901327
70.0,70.0,0.0,0.0
70.0,70.0,0.0,0.0
70.0,70.0,0.0,0.0
70.0,70.0,0.0,0.0
70.0,69.5,0.0,-1.6230917928485427
70.0,70.0,0.0,1.6160679774703728
70.0,70.0,0.0,0.0
70.0,70.0,0.0,0.0
70.0,70.0,0.0,0.0
70.0,70.0,0.0,0.0
70.0,70.0,0.0,0.0
70.0,70.0,0.0,0.0
70.0,70.0,0.0,0.0
70.0,70.0,0.0,0.0
70.0,70.0,0.0,0.0
70.0,70.0,0.0,0.0
70.5,69.5,1.6038524665463072,-1.6038524665463072
70.0,70.0,-1.6153209836621059,1.6153209836621059
70.0,70.0,0.0,0.0
70.0,70.0,0.0,0.0
70.0,70.0,0.0,0.0
70.0,70.0,0.0,0.0
70.0,70.0,0.0,0.0
70.0,70.0,0.0,0.0
70.0,70.0,0.0,0.0
70.0,70.0,0.0,0.0
70.0,70.0,0.0,0.0
70.0,70.0,0.0,0.0
70.0,70.0,0.0,0.0
70.0,70.0,0.0,0.0
70.0,70.0,0.0,0.0
70.0,70.0,0.0,0.0
70.0,70.0,0.0,0.0
67.0,69.5,-9.567282490471708,-1.5945470817452847
63.0,69.5,-13.050232066651299,0.0
58.0,69.5,-15.975696964492238,0.0
53.0,69.5,-16.25822585670299,0.0
53.0,69.5,0.0,0.0
52.5,69.5,-1.6329612354950422,0.0
53.0,69.5,1.5823616511022458,0.0
52.5,70.0,-1.6172897693423014,1.6172897693423014
53.0,69.5,1.6355009893140977,-1.6355009893140977
53.0,69.5,0.0,0.0
52.5,70.0,-1.5929461607422464,1.5929461607422464
53.0,69.5,1.6287327079100968,-1.6287327079100968
52.5,69.5,-1.6014416134918492,0.0
53.0,69.5,1.6065252176455356,0.0
53.0,69.5,0.0,0.0
53.0,69.5,0.0,0.0
53.0,69.5,0.0,0.0
53.0,69.5,0.0,0.0
53.0,69.5,0.0,0.0
53.0,69.5,0.0,0.0
53.0,69.5,0.0,0.0
53.0,69.5,0.0,0.0
53.0,69.5,0.0,0.0
53.0,69.5,0.0,0.0
53.0,69.5,0.0,0.0
53.0,69.5,0.0,0.0
52.5,70.0,-1.6017833168040734,1.6017833168040734
55.0,70.0,8.07436881031101,0.0
59.0,70.0,12.869504277710769,0.0
63.5,70.0,14.530029157619214,0.0
66.5,70.0,9.626866482392497,0.0
69.5,70.0,9.684063511030844,0.0
69.5,70.0,0.0,0.0
69.5,70.0,0.0,0.0
69.5,70.0,0.0,0.0
69.5,70.0,0.0,0.0
69.5,70.0,0.0,0.0
69.5,70.0,0.0,0.0
69.5,70.0,0.0,0.0
69.5,70.0,0.0,0.0
69.5,70.0,0.0,0.0
69.5,70.0,0.0,0.0
69.5,70.0,0.0,0.0
69.5,70.0,0.0,0.0
70.0,70.0,1.5966620239340537,0.0
69.5,70.0,-1.611351319631558,0.0
69.5,70.0,0.0,0.0
69.5,70.0,0.0,0.0
69.5,70.0,0.0,0.0
69.5,70.0,0.0,0.0
69.5,70.0,0.0,0.0
69.5,70.0,0.0,0.0
69.5,70.0,0.0,0.0
69.5,70.0,0.0,0.0
69.5,70.0,0.0,0.0
69.5,70.0,0.0,0.0
69.5,70.0,0.0,0.0
69.5,70.0,0.0,0.0
69.5,70.0,0.0,0.0
69.5,70.0,0.0,0.0
69.5,70.0,0.0,0.0
69.5,70.0,0.0,0.0
69.5,70.0,0.0,0.0
69.5,70.0,0.0,0.0
69.5,70.0,0.0,0.0
69.5,70.0,0.0,0.0
69.5,70.0,0.0,0.0
69.5,70.0,0.0,0.0
69.5,70.0,0.0,0.0
Center X,Center Y,Speed X,Speed Y
Center X,Center Y,Speed X,Speed Y
Center X,Center Y,Speed X,Speed Y
Center X,Center Y,Speed X,Speed Y
Center X,Center Y,Speed X,Speed Y
Center X,Center Y,Speed X,Speed Y
76.0,81.0,0.0,0.0
76.0,81.0,0.0,0.0
76.0,81.0,0.0,0.0
76.0,81.0,0.0,0.0
76.0,81.0,0.0,0.0
76.0,81.0,0.0,0.0
76.0,81.0,0.0,0.0
76.0,81.0,0.0,0.0
76.0,81.0,0.0,0.0
76.0,81.0,0.0,0.0
76.0,81.0,0.0,0.0
76.0,81.0,0.0,0.0
76.0,81.0,0.0,0.0
76.0,81.0,0.0,0.0
76.0,81.0,0.0,0.0
76.0,81.0,0.0,0.0
76.0,81.0,0.0,0.0
76.0,81.0,0.0,0.0
76.0,81.0,0.0,0.0
76.0,81.0,0.0,0.0
76.0,81.0,0.0,0.0
76.0,81.0,0.0,0.0
76.0,81.0,0.0,0.0
76.0,81.0,0.0,0.0
76.0,81.0,0.0,0.0
76.0,81.0,0.0,0.0
76.0,81.0,0.0,0.0
76.0,81.0,0.0,0.0
76.0,81.0,0.0,0.0
76.0,81.0,0.0,0.0
76.0,81.0,0.0,0.0
76.0,81.0,0.0,0.0
76.0,81.0,0.0,0.0
76.0,81.0,0.0,0.0
76.0,81.0,0.0,0.0
76.0,81.0,0.0,0.0
76.0,81.0,0.0,0.0
76.0,81.0,0.0,0.0
76.0,81.0,0.0,0.0
76.0,81.0,0.0,0.0
76.0,81.0,0.0,0.0
76.0,81.0,0.0,0.0
76.0,81.0,0.0,0.0
76.0,81.0,0.0,0.0
76.0,81.0,0.0,0.0
76.0,81.0,0.0,0.0
76.0,81.0,0.0,0.0
76.0,81.0,0.0,0.0
76.5,81.0,1.781011308067079,0.0
76.5,81.0,0.0,0.0
76.0,81.0,-1.595893590332095,0.0
76.0,81.0,0.0,0.0
76.5,81.0,1.6129493561175996,0.0
76.5,81.0,0.0,0.0
76.5,81.0,0.0,0.0
76.0,81.0,-1.632272483104104,0.0
76.5,81.0,1.6035447663332838,0.0
76.0,81.0,-1.6120225257862635,0.0
76.0,81.0,0.0,0.0
76.0,81.0,0.0,0.0
76.5,81.0,1.5928100272790022,0.0
76.5,81.0,0.0,0.0
76.5,81.0,0.0,0.0
76.5,81.0,0.0,0.0
76.0,81.0,-1.6331668231340462,0.0
76.5,81.0,1.6151922614161172,0.0
76.5,81.0,0.0,0.0
76.5,81.0,0.0,0.0
76.5,81.0,0.0,0.0
76.0,81.0,-1.5991468093683092,0.0
76.5,81.0,1.7060904168565982,0.0
76.5,81.0,0.0,0.0
76.5,81.0,0.0,0.0
76.5,81.0,0.0,0.0
76.5,81.0,0.0,0.0
76.5,81.0,0.0,0.0
76.5,81.0,0.0,0.0
76.5,81.0,0.0,0.0
76.5,81.0,0.0,0.0
76.5,81.0,0.0,0.0
76.5,81.0,0.0,0.0
76.5,81.0,0.0,0.0
76.0,81.0,-1.6314135902569655,0.0
76.5,81.0,1.6224373124932616,0.0
76.5,81.0,0.0,0.0
76.0,81.0,-1.6032308435037297,0.0
76.5,81.0,1.6218871780630044,0.0
76.5,81.0,0.0,0.0
76.5,81.0,0.0,0.0
76.5,81.0,0.0,0.0
76.5,81.0,0.0,0.0
76.5,81.0,0.0,0.0
76.5,81.0,0.0,0.0
76.5,81.0,0.0,0.0
76.0,81.0,-1.6629977461207357,0.0
76.5,81.0,1.5957616639034338,0.0
76.5,81.0,0.0,0.0
76.0,81.0,-1.7901148232035924,0.0
76.5,81.0,1.6235565832019334,0.0
76.0,81.0,-1.6374465455786325,0.0
77.5,81.0,4.778143773765637,0.0
75.5,81.0,-6.366774689910656,0.0
76.0,81.0,1.6530899079520311,0.0
75.5,81.0,-1.6077150829388998,0.0
75.0,81.0,-1.5958260538400144,0.0
75.5,81.0,1.6229244684870363,0.0
76.5,81.0,3.233186436746884,0.0
72.5,81.0,-12.763643921564968,0.0
74.0,81.0,4.821491204559647,0.0
73.5,81.0,-1.6099866042240838,0.0
73.5,81.0,0.0,0.0
73.0,81.0,-1.6193878802274178,0.0
72.5,81.0,-1.5977145160627921,0.0
72.5,81.0,0.0,0.0
72.0,81.0,-1.672076207002691,0.0
70.5,81.0,-4.694769658953448,0.0
70.0,81.0,-1.6301244862604019,0.0
70.0,81.0,0.0,0.0
70.0,81.0,0.0,0.0
70.5,81.0,1.6092468176004002,0.0
70.0,81.0,-1.6203831120876149,0.0
70.0,81.0,0.0,0.0
70.0,81.0,0.0,0.0
69.5,81.0,-1.4853501965345834,0.0
69.0,81.0,-1.753147894288993,0.0
64.5,81.0,-15.035212811053722,0.0
61.0,81.0,-12.198756700603255,0.0
60.5,81.0,-1.7463055089355788,0.0
59.5,81.0,-3.538999217235287,0.0
57.0,81.0,-8.960713881873518,0.0
53.0,81.0,-12.97206125474287,0.0
50.0,81.0,-9.658433206497186,0.0
47.0,81.5,-9.697094048120487,1.6161823413534147
43.0,81.5,-12.776831465184639,0.0
40.5,81.5,-8.105763123865328,0.0
42.0,81.5,4.764133254969573,0.0
48.0,81.5,19.57249298923528,0.0
57.0,81.5,29.024455910475154,0.0
64.0,81.5,22.717895703936723,0.0
71.5,81.5,23.93861589900588,0.0
77.0,81.5,17.748551497874715,0.0
79.0,81.0,6.413329200258729,-1.6033323000646822
73.5,73.0,-17.866564290170285,-25.987729876611326
62.5,58.0,-35.288454108565645,-48.12061923895316
58.0,53.0,-14.047974233884789,-15.608860259871985
51.0,49.0,-23.294750011448972,-13.311285720827984
46.0,45.5,-17.79615673644076,-12.457309715508535
44.5,44.5,-5.008259885505674,-3.3388399236704496
46.0,46.5,5.212895195153248,6.950526926870997
52.0,53.5,19.285639862912163,22.499913173397523
52.5,60.5,1.6023515630625398,22.432921882875558
60.5,67.5,25.777317653753155,22.555152947034014
63.0,72.0,8.135459152103444,14.6438264737862
67.0,78.0,12.649585689242574,18.974378533863863
69.5,83.5,8.007318782551382,17.61610132161304
61.5,81.0,-26.250651055330284,-8.203328454790714
81.0,91.0,62.039818287625174,31.81529142955137
76.0,91.0,-16.354086161794243,0.0
78.0,94.5,6.35905318044182,11.128343065773185
79.0,95.5,3.205840425288955,3.205840425288955
73.5,95.5,-18.07195310717035,0.0
79.0,95.5,17.61587514627287,0.0
78.0,88.5,-3.193688838895452,-22.355821872268166
79.5,81.5,4.870967253761019,-22.73118051755142
84.5,71.0,16.17507564635607,-33.96765885734775
64.0,72.0,-66.29248278904284,3.2337796482459917
41.0,71.5,-73.54544915339132,-1.5988141120302461
36.5,72.0,-14.45328546316371,1.60592060701819
34.5,72.5,-6.500025167562656,1.625006291890664
35.5,73.5,3.2186757122889893,3.2186757122889893
37.0,75.0,4.799774082899154,4.799774082899154
37.0,75.0,0.0,0.0
37.0,75.5,0.0,1.6049907139228219
36.5,75.0,-1.621885555799461,-1.621885555799461
35.5,74.5,-3.23569294786706,-1.61784647393353
37.5,75.5,6.462874172368294,3.231437086184147
37.0,75.0,-1.5939530185655542,-1.5939530185655542
38.5,76.0,5.371512688657827,3.581008459105218
37.5,75.5,-3.340359987084665,-1.6701799935423325
37.0,75.0,-1.7294936749322614,-1.7294936749322614
37.0,75.0,0.0,0.0
37.0,75.5,0.0,1.6187186074712352
37.5,75.0,1.599031689885791,-1.599031689885791
37.5,72.0,0.0,-9.579783483857625
30.5,63.0,-22.72376276462078,-29.216266411655287
18.5,55.0,-39.006170910532056,-26.004113940354706
35.5,59.0,54.732262537754764,12.878179420648177
32.0,63.5,-11.183318421460664,14.378552256163712
35.0,64.0,9.636563929507679,1.6060939882512795
24.5,69.5,-34.355257904202354,17.995611283153615
22.5,66.0,-6.368049885130366,-11.14408729897814
29.5,64.0,22.538313122907333,-6.439518035116381
31.0,63.0,4.817213167322109,-3.2114754448814056
30.5,62.5,-1.6112680585702432,-1.6112680585702432
30.0,63.0,-1.6232494017091477,1.6232494017091477
30.5,63.0,1.6045110878854572,0.0
30.5,63.5,0.0,1.596959224196936
46.5,71.5,52.388396540593,26.1941982702965
40.0,65.5,-20.69100221495541,-19.09938665995884
34.0,66.0,-19.418478226146622,1.6182065188455517
32.0,55.5,-6.458080084715329,-33.904920444755476
16.5,49.5,-50.194407293548686,-19.430093145889813
20.5,53.5,12.820763575090902,12.820763575090902
25.5,51.0,16.124826007515086,-8.062413003757543
25.5,51.5,0.0,1.5230902336335808
25.5,51.5,0.0,0.0
25.5,51.5,0.0,0.0
25.5,51.5,0.0,0.0
25.5,51.5,0.0,0.0
25.5,51.5,0.0,0.0
25.5,51.5,0.0,0.0
25.5,51.5,0.0,0.0
25.0,51.5,-1.6454873195713087,0.0
25.0,51.5,0.0,0.0
33.0,49.0,28.37106619834727,-8.865958186983521
33.0,49.0,0.0,0.0
33.0,49.0,0.0,0.0
33.0,49.0,0.0,0.0
33.0,49.0,0.0,0.0
33.0,49.0,0.0,0.0
33.0,49.0,0.0,0.0
33.0,49.0,0.0,0.0
33.0,49.0,0.0,0.0
33.0,49.0,0.0,0.0
33.0,49.0,0.0,0.0
33.0,49.0,0.0,0.0
33.0,49.0,0.0,0.0
33.0,49.0,0.0,0.0
33.0,49.0,0.0,0.0
39.0,48.5,19.190745868762587,-1.599228822396882
33.0,49.0,-19.377500936311133,1.6147917446925941
33.0,49.0,0.0,0.0
33.5,49.0,1.5993203083918863,0.0
33.0,49.0,-1.6221386681537593,0.0
33.0,49.0,0.0,0.0
28.5,41.5,-14.562652431390365,-24.27108738565061
28.5,41.5,0.0,0.0
28.5,41.0,0.0,-1.613292778230985
38.0,47.5,32.70223372822522,22.37521255089094
38.0,44.5,0.0,-10.099264405412292
32.5,21.0,-19.51802101853982,-83.39518071557924
32.0,21.5,-1.606635051047914,1.606635051047914
32.0,21.5,0.0,0.0
32.0,21.5,0.0,0.0
32.5,21.5,1.6263835498494144,0.0
32.0,21.5,-1.6096158270047771,0.0
32.0,21.5,0.0,0.0
32.0,21.5,0.0,0.0
32.0,21.5,0.0,0.0
32.5,21.5,1.6111607925797755,0.0
32.5,21.5,0.0,0.0
32.5,21.5,0.0,0.0
32.5,21.5,0.0,0.0
32.5,21.5,0.0,0.0
32.5,21.5,0.0,0.0
32.5,21.5,0.0,0.0
32.5,21.5,0.0,0.0
32.5,21.5,0.0,0.0
32.5,21.5,0.0,0.0
32.5,21.5,0.0,0.0
32.5,21.5,0.0,0.0
32.5,21.5,0.0,0.0
32.5,21.5,0.0,0.0
32.5,21.5,0.0,0.0
32.5,21.5,0.0,0.0
32.5,21.5,0.0,0.0
32.5,21.5,0.0,0.0
32.5,21.5,0.0,0.0
32.5,21.5,0.0,0.0
32.5,21.5,0.0,0.0
32.5,21.5,0.0,0.0
32.5,21.5,0.0,0.0
32.5,21.5,0.0,0.0
32.5,21.5,0.0,0.0
32.5,21.5,0.0,0.0
32.5,21.5,0.0,0.0
32.5,21.5,0.0,0.0
32.5,21.5,0.0,0.0
32.5,21.5,0.0,0.0
32.5,21.5,0.0,0.0
32.5,21.5,0.0,0.0
32.5,21.5,0.0,0.0
32.5,21.5,0.0,0.0
32.5,21.5,0.0,0.0
32.5,21.5,0.0,0.0
32.5,21.5,0.0,0.0
32.5,21.5,0.0,0.0
32.5,21.5,0.0,0.0
32.5,21.5,0.0,0.0
32.5,21.5,0.0,0.0
32.5,21.5,0.0,0.0
32.5,21.5,0.0,0.0
32.5,21.5,0.0,0.0
32.5,21.5,0.0,0.0
32.5,21.5,0.0,0.0
32.5,21.5,0.0,0.0
32.5,21.5,0.0,0.0
32.5,21.5,0.0,0.0
32.5,21.5,0.0,0.0
32.5,21.5,0.0,0.0
32.5,21.5,0.0,0.0
32.5,21.5,0.0,0.0
32.5,21.5,0.0,0.0
32.5,21.5,0.0,0.0
32.5,21.5,0.0,0.0
32.5,21.5,0.0,0.0
32.5,21.5,0.0,0.0
32.5,21.5,0.0,0.0
32.5,21.5,0.0,0.0
32.5,21.5,0.0,0.0
32.5,21.5,0.0,0.0
32.5,21.5,0.0,0.0
32.5,21.5,0.0,0.0
32.5,21.5,0.0,0.0
32.5,21.5,0.0,0.0
32.5,21.5,0.0,0.0
32.5,21.5,0.0,0.0
32.5,21.5,0.0,0.0
32.5,21.5,0.0,0.0
32.5,21.5,0.0,0.0
32.5,21.5,0.0,0.0
32.5,21.5,0.0,0.0
32.5,21.5,0.0,0.0
32.5,21.5,0.0,0.0
32.5,21.5,0.0,0.0
32.5,21.5,0.0,0.0
32.5,21.5,0.0,0.0
32.5,21.5,0.0,0.0
32.5,21.5,0.0,0.0
32.5,21.5,0.0,0.0
32.5,21.5,0.0,0.0
32.5,21.5,0.0,0.0
32.5,21.5,0.0,0.0
32.5,21.5,0.0,0.0
32.5,21.5,0.0,0.0
32.5,21.5,0.0,0.0
32.5,21.5,0.0,0.0
32.5,21.5,0.0,0.0
32.5,21.5,0.0,0.0
32.5,21.5,0.0,0.0
32.5,21.5,0.0,0.0
32.5,21.5,0.0,0.0
32.5,21.5,0.0,0.0
32.5,21.5,0.0,0.0
32.5,21.5,0.0,0.0
32.5,21.5,0.0,0.0
32.5,21.5,0.0,0.0
32.5,21.5,0.0,0.0
32.5,21.5,0.0,0.0
32.5,21.5,0.0,0.0
32.5,21.5,0.0,0.0
32.5,21.5,0.0,0.0
32.5,21.5,0.0,0.0
32.5,21.5,0.0,0.0
32.5,21.5,0.0,0.0
32.5,21.5,0.0,0.0
32.5,21.5,0.0,0.0
32.5,21.5,0.0,0.0
32.5,21.5,0.0,0.0
32.5,21.5,0.0,0.0
32.5,21.5,0.0,0.0
32.5,21.5,0.0,0.0
32.5,21.5,0.0,0.0
32.5,21.5,0.0,0.0
32.5,21.5,0.0,0.0
32.5,21.5,0.0,0.0
32.5,21.5,0.0,0.0
32.5,21.5,0.0,0.0
32.5,21.5,0.0,0.0
32.5,21.5,0.0,0.0
32.5,21.5,0.0,0.0
32.5,21.5,0.0,0.0
32.5,21.5,0.0,0.0
32.5,21.5,0.0,0.0
32.5,21.5,0.0,0.0
32.5,21.5,0.0,0.0
32.5,21.5,0.0,0.0
32.5,21.5,0.0,0.0
32.5,21.5,0.0,0.0
32.5,21.5,0.0,0.0
32.5,21.5,0.0,0.0
32.5,21.5,0.0,0.0
32.5,21.5,0.0,0.0
32.5,21.5,0.0,0.0
32.5,21.5,0.0,0.0
32.5,21.5,0.0,0.0
32.5,21.5,0.0,0.0
32.5,21.5,0.0,0.0
32.5,21.5,0.0,0.0
32.5,21.5,0.0,0.0
32.5,21.5,0.0,0.0
32.5,21.5,0.0,0.0
32.5,21.5,0.0,0.0
32.5,21.5,0.0,0.0
32.5,21.5,0.0,0.0
32.5,21.5,0.0,0.0
32.5,21.5,0.0,0.0
32.5,21.5,0.0,0.0
32.5,21.5,0.0,0.0
32.5,21.5,0.0,0.0
32.5,21.5,0.0,0.0
32.5,21.5,0.0,0.0
32.5,21.5,0.0,0.0
32.5,21.5,0.0,0.0
32.5,21.5,0.0,0.0
32.5,21.5,0.0,0.0
32.5,21.5,0.0,0.0
32.5,21.5,0.0,0.0
32.5,21.5,0.0,0.0
32.5,21.5,0.0,0.0
32.5,21.5,0.0,0.0
32.5,21.5,0.0,0.0
32.5,21.5,0.0,0.0
32.5,21.5,0.0,0.0
32.5,21.5,0.0,0.0
32.5,21.5,0.0,0.0
32.5,21.5,0.0,0.0
32.5,21.5,0.0,0.0
32.5,21.5,0.0,0.0
32.5,21.5,0.0,0.0
32.5,21.5,0.0,0.0
32.5,21.5,0.0,0.0
32.5,21.5,0.0,0.0
32.5,21.5,0.0,0.0
32.5,21.5,0.0,0.0
32.5,21.5,0.0,0.0
32.5,21.5,0.0,0.0
32.5,21.5,0.0,0.0
32.5,21.5,0.0,0.0
32.5,21.5,0.0,0.0
32.5,21.5,0.0,0.0
32.5,21.5,0.0,0.0
32.5,21.5,0.0,0.0
32.5,21.5,0.0,0.0
32.5,21.5,0.0,0.0
32.5,21.5,0.0,0.0
32.5,21.5,0.0,0.0
32.5,21.5,0.0,0.0
32.5,21.5,0.0,0.0
32.5,21.5,0.0,0.0
32.5,21.5,0.0,0.0
32.5,21.5,0.0,0.0
32.5,21.5,0.0,0.0
32.5,21.5,0.0,0.0
32.5,21.5,0.0,0.0
32.5,21.5,0.0,0.0
32.5,21.5,0.0,0.0
32.5,21.5,0.0,0.0
32.5,21.5,0.0,0.0
32.5,21.5,0.0,0.0
32.5,21.5,0.0,0.0
32.5,21.5,0.0,0.0
32.5,21.5,0.0,0.0
32.5,21.5,0.0,0.0
32.5,21.5,0.0,0.0
32.5,21.5,0.0,0.0
32.5,21.5,0.0,0.0
32.5,21.5,0.0,0.0
32.5,21.5,0.0,0.0
32.5,21.5,0.0,0.0
32.5,21.5,0.0,0.0
32.5,21.5,0.0,0.0
32.5,21.5,0.0,0.0
32.5,21.5,0.0,0.0
32.5,21.5,0.0,0.0
32.5,21.5,0.0,0.0
32.5,21.5,0.0,0.0
32.5,21.5,0.0,0.0
32.5,21.5,0.0,0.0
32.5,21.5,0.0,0.0
32.5,21.5,0.0,0.0
32.5,21.5,0.0,0.0
32.5,21.5,0.0,0.0
32.5,21.5,0.0,0.0
32.5,21.5,0.0,0.0
32.5,21.5,0.0,0.0
32.5,21.5,0.0,0.0
32.5,21.5,0.0,0.0
32.5,21.5,0.0,0.0
32.5,21.5,0.0,0.0
32.5,21.5,0.0,0.0
32.5,21.5,0.0,0.0
32.5,21.5,0.0,0.0
32.5,21.5,0.0,0.0
32.5,21.5,0.0,0.0
32.5,21.5,0.0,0.0
32.5,21.5,0.0,0.0
32.5,21.5,0.0,0.0
32.5,21.5,0.0,0.0
32.5,21.5,0.0,0.0
32.5,21.5,0.0,0.0
32.5,21.5,0.0,0.0
32.5,21.5,0.0,0.0
32.5,21.5,0.0,0.0
32.5,21.5,0.0,0.0
32.5,21.5,0.0,0.0
32.5,21.5,0.0,0.0
32.5,21.5,0.0,0.0
32.5,21.5,0.0,0.0
32.5,21.5,0.0,0.0
32.5,21.5,0.0,0.0
32.5,21.5,0.0,0.0
32.5,21.5,0.0,0.0
32.5,21.5,0.0,0.0
32.5,21.5,0.0,0.0
32.5,21.5,0.0,0.0
32.5,21.5,0.0,0.0
32.5,21.5,0.0,0.0
32.5,21.5,0.0,0.0
32.5,21.5,0.0,0.0
32.5,21.5,0.0,0.0
32.5,21.5,0.0,0.0
32.5,21.5,0.0,0.0
32.5,21.5,0.0,0.0
32.5,21.5,0.0,0.0
32.5,21.5,0.0,0.0
32.5,21.5,0.0,0.0
32.5,21.5,0.0,0.0
32.5,21.5,0.0,0.0
32.5,21.5,0.0,0.0
32.5,21.5,0.0,0.0
32.5,21.5,0.0,0.0
32.5,21.5,0.0,0.0
32.5,21.5,0.0,0.0
32.5,21.5,0.0,0.0
32.5,21.5,0.0,0.0
32.5,21.5,0.0,0.0
32.5,21.5,0.0,0.0
32.5,21.5,0.0,0.0
32.5,21.5,0.0,0.0
32.5,21.5,0.0,0.0
32.5,21.5,0.0,0.0
32.5,21.5,0.0,0.0
32.5,21.5,0.0,0.0
32.5,21.5,0.0,0.0
32.5,21.5,0.0,0.0
32.5,21.5,0.0,0.0
32.5,21.5,0.0,0.0
32.5,21.5,0.0,0.0
32.5,21.5,0.0,0.0
32.5,21.5,0.0,0.0
32.5,21.5,0.0,0.0
32.5,21.5,0.0,0.0
32.5,21.5,0.0,0.0
32.5,21.5,0.0,0.0
32.5,21.5,0.0,0.0
32.5,21.5,0.0,0.0
32.5,21.5,0.0,0.0
32.5,21.5,0.0,0.0
32.5,21.5,0.0,0.0
32.5,21.5,0.0,0.0
32.5,21.5,0.0,0.0
32.5,21.5,0.0,0.0
32.5,21.5,0.0,0.0
32.5,21.5,0.0,0.0
32.5,21.5,0.0,0.0
32.5,21.5,0.0,0.0
32.5,21.5,0.0,0.0
32.5,21.5,0.0,0.0
32.5,21.5,0.0,0.0
32.5,21.5,0.0,0.0
32.5,21.5,0.0,0.0
32.5,21.5,0.0,0.0
32.5,21.5,0.0,0.0
32.5,21.5,0.0,0.0
32.5,21.5,0.0,0.0
32.5,21.5,0.0,0.0
32.5,21.5,0.0,0.0
32.5,21.5,0.0,0.0
32.5,21.5,0.0,0.0
32.5,21.5,0.0,0.0
32.5,21.5,0.0,0.0
32.5,21.5,0.0,0.0
32.5,21.5,0.0,0.0
32.5,21.5,0.0,0.0
32.5,21.5,0.0,0.0
32.5,21.5,0.0,0.0
32.5,21.5,0.0,0.0
32.5,21.5,0.0,0.0
32.5,21.5,0.0,0.0
32.5,21.5,0.0,0.0
32.5,21.5,0.0,0.0
32.5,21.5,0.0,0.0
32.5,21.5,0.0,0.0
32.5,21.5,0.0,0.0
32.5,21.5,0.0,0.0
32.5,21.5,0.0,0.0
32.5,21.5,0.0,0.0
32.5,21.5,0.0,0.0
32.5,21.5,0.0,0.0
32.5,21.5,0.0,0.0
32.5,21.5,0.0,0.0
32.5,21.5,0.0,0.0
32.5,21.5,0.0,0.0
32.5,21.5,0.0,0.0
32.5,21.5,0.0,0.0
32.5,21.5,0.0,0.0
32.5,21.5,0.0,0.0
32.5,21.5,0.0,0.0
32.5,21.5,0.0,0.0
32.5,21.5,0.0,0.0
32.5,21.5,0.0,0.0
32.5,21.5,0.0,0.0
32.5,21.5,0.0,0.0
32.5,21.5,0.0,0.0
32.5,21.5,0.0,0.0
32.5,21.5,0.0,0.0
32.5,21.5,0.0,0.0
32.5,21.5,0.0,0.0
32.5,21.5,0.0,0.0
32.5,21.5,0.0,0.0
32.5,21.5,0.0,0.0
23.5,17.0,-28.8067167028152,-14.4033583514076
24.0,21.0,1.598982808543751,12.791862468350008
23.5,15.5,-1.623148658495596,-17.854635243451558
24.0,21.0,1.6196288892101425,17.815917781311565
24.0,20.5,0.0,-1.6098139797873605
23.5,20.5,-1.6244609238491494,0.0
24.0,20.5,1.6013973292919381,0.0
24.0,21.0,0.0,1.6147869204008864
24.0,20.5,0.0,-1.589599654878485
24.0,20.5,0.0,0.0
24.0,21.0,0.0,1.6160550924136194
23.5,20.5,-1.6027871219786824,-1.6027871219786824
24.0,21.0,1.617552744337865,1.617552744337865
24.0,21.0,0.0,0.0
23.5,20.5,-1.6360603995440604,-1.6360603995440604
24.0,21.0,1.6151520399213848,1.6151520399213848
23.5,20.5,-1.6202794862204744,-1.6202794862204744
24.0,21.0,1.5904025940141922,1.5904025940141922
24.0,21.0,0.0,0.0
24.0,21.0,0.0,0.0
23.5,20.5,-1.7562258509231268,-1.7562258509231268
23.5,20.5,0.0,0.0
24.0,21.0,1.7245603841025643,1.7245603841025643
24.0,21.0,0.0,0.0
24.0,21.0,0.0,0.0
24.0,21.0,0.0,0.0
24.0,21.0,0.0,0.0
24.0,20.5,0.0,-1.6067114657509491
24.0,21.0,0.0,1.6171655716251303
24.0,20.5,0.0,-1.607337384630231
24.0,21.0,0.0,1.6061337598673058
24.0,20.5,0.0,-1.6227912834644524
24.0,21.0,0.0,1.5923908198193
24.0,21.0,0.0,0.0
24.0,21.0,0.0,0.0
24.0,21.0,0.0,0.0
24.0,21.0,0.0,0.0
24.0,21.0,0.0,0.0
24.0,21.0,0.0,0.0
24.0,21.0,0.0,0.0
24.0,21.0,0.0,0.0
24.0,21.0,0.0,0.0
24.0,21.0,0.0,0.0
24.0,21.0,0.0,0.0
24.0,21.0,0.0,0.0
24.0,21.0,0.0,0.0
24.0,21.0,0.0,0.0
24.0,21.0,0.0,0.0
24.0,21.0,0.0,0.0
24.0,21.0,0.0,0.0
24.0,21.0,0.0,0.0
24.0,21.0,0.0,0.0
24.0,21.0,0.0,0.0
24.0,21.0,0.0,0.0
24.0,21.0,0.0,0.0
24.0,21.0,0.0,0.0
24.0,21.0,0.0,0.0
24.0,21.0,0.0,0.0
24.0,21.0,0.0,0.0
24.0,21.0,0.0,0.0
24.0,21.0,0.0,0.0
24.0,21.0,0.0,0.0
24.0,21.0,0.0,0.0
24.0,21.0,0.0,0.0
24.0,21.0,0.0,0.0
24.0,21.0,0.0,0.0
24.0,21.0,0.0,0.0
24.0,21.0,0.0,0.0
24.0,21.0,0.0,0.0
24.0,21.0,0.0,0.0
24.0,21.0,0.0,0.0
24.0,21.0,0.0,0.0
24.0,21.0,0.0,0.0
24.0,21.0,0.0,0.0
24.0,21.0,0.0,0.0
24.0,21.0,0.0,0.0
24.0,21.0,0.0,0.0
24.0,21.0,0.0,0.0
24.0,21.0,0.0,0.0
24.0,21.0,0.0,0.0
24.0,21.0,0.0,0.0
24.0,21.0,0.0,0.0
24.0,21.0,0.0,0.0
24.0,21.0,0.0,0.0
24.0,21.0,0.0,0.0
24.0,21.0,0.0,0.0
24.0,21.0,0.0,0.0
24.0,21.0,0.0,0.0
24.0,21.0,0.0,0.0
24.0,21.0,0.0,0.0
24.0,21.0,0.0,0.0
24.0,21.0,0.0,0.0
24.0,21.0,0.0,0.0
24.0,21.0,0.0,0.0
24.0,21.0,0.0,0.0
24.0,21.0,0.0,0.0
24.0,21.0,0.0,0.0
24.0,21.0,0.0,0.0
24.0,21.0,0.0,0.0
24.0,21.0,0.0,0.0
24.0,21.0,0.0,0.0
24.0,21.0,0.0,0.0
24.0,21.0,0.0,0.0
24.0,21.0,0.0,0.0
24.0,21.0,0.0,0.0
24.0,21.0,0.0,0.0
24.0,21.0,0.0,0.0
24.0,21.0,0.0,0.0
24.0,21.0,0.0,0.0
24.0,21.0,0.0,0.0
24.0,21.0,0.0,0.0
24.0,21.0,0.0,0.0
24.0,21.0,0.0,0.0
24.0,21.0,0.0,0.0
24.0,21.0,0.0,0.0
24.0,21.0,0.0,0.0
24.0,21.0,0.0,0.0
24.0,21.0,0.0,0.0
24.0,21.0,0.0,0.0
24.0,21.0,0.0,0.0
24.0,21.0,0.0,0.0
24.0,21.0,0.0,0.0
24.0,21.0,0.0,0.0
24.0,21.0,0.0,0.0
24.0,21.0,0.0,0.0
24.0,21.0,0.0,0.0
24.0,21.0,0.0,0.0
24.0,21.0,0.0,0.0
24.0,21.0,0.0,0.0
24.0,21.0,0.0,0.0
24.0,21.0,0.0,0.0
24.0,21.0,0.0,0.0
24.0,21.0,0.0,0.0
24.0,21.0,0.0,0.0
24.0,21.0,0.0,0.0
24.0,21.0,0.0,0.0
24.0,21.0,0.0,0.0
24.0,21.0,0.0,0.0
24.0,21.0,0.0,0.0
24.0,21.0,0.0,0.0
24.0,21.0,0.0,0.0
24.0,21.0,0.0,0.0
24.0,21.0,0.0,0.0
24.0,21.0,0.0,0.0
24.0,21.0,0.0,0.0
24.0,21.0,0.0,0.0
24.0,21.0,0.0,0.0
24.0,21.0,0.0,0.0
24.0,21.0,0.0,0.0
24.0,21.0,0.0,0.0
24.0,21.0,0.0,0.0
24.0,21.0,0.0,0.0
24.0,21.0,0.0,0.0
24.0,21.0,0.0,0.0
24.0,21.0,0.0,0.0
24.0,21.0,0.0,0.0
24.0,21.0,0.0,0.0
24.0,21.0,0.0,0.0
24.0,21.0,0.0,0.0
24.0,21.0,0.0,0.0
24.0,21.0,0.0,0.0
24.0,21.0,0.0,0.0
24.0,21.0,0.0,0.0
24.0,21.0,0.0,0.0
24.0,21.0,0.0,0.0
24.0,21.0,0.0,0.0
24.0,21.0,0.0,0.0
24.0,21.0,0.0,0.0
24.0,21.0,0.0,0.0
24.0,21.0,0.0,0.0
24.0,21.0,0.0,0.0
24.0,21.0,0.0,0.0
24.0,21.0,0.0,0.0
24.0,21.0,0.0,0.0
24.0,21.0,0.0,0.0
24.0,21.0,0.0,0.0
24.0,21.0,0.0,0.0
24.0,21.0,0.0,0.0
24.0,21.0,0.0,0.0
24.0,21.0,0.0,0.0
24.0,21.0,0.0,0.0
24.0,21.0,0.0,0.0
24.0,21.0,0.0,0.0
24.0,21.0,0.0,0.0
24.0,21.0,0.0,0.0
24.0,21.0,0.0,0.0
24.0,21.0,0.0,0.0
24.0,21.0,0.0,0.0
24.0,21.0,0.0,0.0
24.0,21.0,0.0,0.0
24.0,21.0,0.0,0.0
24.0,21.0,0.0,0.0
24.0,21.0,0.0,0.0
24.0,21.0,0.0,0.0
24.0,21.0,0.0,0.0
24.0,21.0,0.0,0.0
24.0,21.0,0.0,0.0
24.0,21.0,0.0,0.0
24.0,21.0,0.0,0.0
24.0,21.0,0.0,0.0
24.0,21.0,0.0,0.0
24.0,21.0,0.0,0.0
24.0,21.0,0.0,0.0
24.0,21.0,0.0,0.0
24.0,21.0,0.0,0.0
24.0,21.0,0.0,0.0
24.0,21.0,0.0,0.0
24.0,21.0,0.0,0.0
24.0,21.0,0.0,0.0
24.0,21.0,0.0,0.0
24.0,21.0,0.0,0.0
24.0,21.0,0.0,0.0
24.0,21.0,0.0,0.0
24.0,21.0,0.0,0.0
24.0,21.0,0.0,0.0
24.0,21.0,0.0,0.0
24.0,21.0,0.0,0.0
24.0,21.0,0.0,0.0
24.0,21.0,0.0,0.0
24.0,21.0,0.0,0.0
24.0,21.0,0.0,0.0
24.0,21.0,0.0,0.0
24.0,21.0,0.0,0.0
24.0,21.0,0.0,0.0
24.0,21.0,0.0,0.0
24.0,21.0,0.0,0.0
24.0,21.0,0.0,0.0
24.0,21.0,0.0,0.0
24.0,21.0,0.0,0.0
24.0,21.0,0.0,0.0
24.0,21.0,0.0,0.0
24.0,21.0,0.0,0.0
24.0,21.0,0.0,0.0
24.0,21.0,0.0,0.0
24.0,21.0,0.0,0.0
24.0,21.0,0.0,0.0
24.0,21.0,0.0,0.0
24.0,21.0,0.0,0.0
24.0,21.0,0.0,0.0
24.0,21.0,0.0,0.0
24.0,21.0,0.0,0.0
24.0,21.0,0.0,0.0
24.0,21.0,0.0,0.0
24.0,21.0,0.0,0.0
24.0,21.0,0.0,0.0
24.0,21.0,0.0,0.0
24.0,21.0,0.0,0.0
24.0,21.0,0.0,0.0
24.0,21.0,0.0,0.0
24.0,21.0,0.0,0.0
24.0,21.0,0.0,0.0
24.0,21.0,0.0,0.0
24.0,21.0,0.0,0.0
24.0,21.0,0.0,0.0
24.0,21.0,0.0,0.0
24.0,21.0,0.0,0.0
24.0,21.0,0.0,0.0
24.0,21.0,0.0,0.0
24.0,21.0,0.0,0.0
24.0,21.0,0.0,0.0
24.0,21.0,0.0,0.0
24.0,21.0,0.0,0.0
24.0,21.0,0.0,0.0
24.0,21.0,0.0,0.0
24.0,21.0,0.0,0.0
24.0,21.0,0.0,0.0
24.0,21.0,0.0,0.0
24.0,21.0,0.0,0.0
24.0,21.0,0.0,0.0
24.0,21.0,0.0,0.0
24.0,21.0,0.0,0.0
24.0,21.0,0.0,0.0
24.0,21.0,0.0,0.0
24.0,21.0,0.0,0.0
24.0,21.0,0.0,0.0
24.0,21.0,0.0,0.0
Center X,Center Y,Speed X,Speed Y
Center X,Center Y,Speed X,Speed Y
Center X,Center Y,Speed X,Speed Y
Center X,Center Y,Speed X,Speed Y
Center X,Center Y,Speed X,Speed Y
Center X,Center Y,Speed X,Speed Y
Center X,Center Y,Speed X,Speed Y
Center X,Center Y,Speed X,Speed Y
Center X,Center Y,Speed X,Speed Y
Center X,Center Y,Speed X,Speed Y
Center X,Center Y,Speed X,Speed Y
Center X,Center Y,Speed X,Speed Y
Center X,Center Y,Speed X,Speed Y
Center X,Center Y,Speed X,Speed Y
Center X,Center Y,Speed X,Speed Y
Center X,Center Y,Speed X,Speed Y
Center X,Center Y,Speed X,Speed Y
Center X,Center Y,Speed X,Speed Y
Center X,Center Y,Speed X,Speed Y
Center X,Center Y,Speed X,Speed Y
Center X,Center Y,Speed X,Speed Y
Center X,Center Y,Speed X,Speed Y
Center X,Center Y,Speed X,Speed Y
Center X,Center Y,Speed X,Speed Y
Center X,Center Y,Speed X,Speed Y
Center X,Center Y,Speed X,Speed Y
Center X,Center Y,Speed X,Speed Y
Center X,Center Y,Speed X,Speed Y
Center X,Center Y,Speed X,Speed Y
Center X,Center Y,Speed X,Speed Y
Center X,Center Y,Speed X,Speed Y
Center X,Center Y,Speed X,Speed Y
Center X,Center Y,Speed X,Speed Y
Center X,Center Y,Speed X,Speed Y
Center X,Center Y,Speed X,Speed Y
Center X,Center Y,Speed X,Speed Y
Center X,Center Y,Speed X,Speed Y
120.5,31.0,12.161923340251828,0.0
119.5,31.5,-2.7414370159514974,1.3707185079757487
118.5,30.0,-2.605612726614724,-3.9084190899220865
118.0,31.5,-1.259550881875167,3.7786526456255007
118.0,30.5,0.0,-2.852514963260584
117.5,29.5,-1.3473515352993408,-2.6947030705986816
117.0,28.0,-1.4388897126855975,-4.316669138056793
117.0,27.0,0.0,-2.7772417828206195
117.5,27.0,1.5641744633947798,0.0
117.5,27.0,0.0,0.0
117.0,28.0,-1.68459920310604,3.36919840621208
117.0,27.5,0.0,-1.715753925737342
117.5,28.0,1.7386117330160809,1.7386117330160809
117.0,28.5,-1.7021432063203217,1.7021432063203217
117.0,28.5,0.0,0.0
117.0,29.0,0.0,1.8459321743061319
117.0,29.0,0.0,0.0
117.0,29.0,0.0,0.0
117.5,29.5,1.7888292070622944,1.7888292070622944
117.0,30.5,-1.7830206366831889,3.5660412733663778
117.0,30.0,0.0,-1.7494217483226207
117.0,30.0,0.0,0.0
118.0,29.5,3.24924410841275,-1.624622054206375
117.5,30.5,-1.6662292039554765,3.332458407910953
118.0,29.5,1.7571050771545305,-3.514210154309061
117.5,30.0,-1.8338591666992936,1.8338591666992936
118.0,31.0,1.8277858818303632,3.6555717636607263
117.5,30.5,-1.79379226240051,-1.79379226240051
117.5,30.5,0.0,0.0
117.0,30.5,-1.8599854532540274,0.0
117.5,30.0,1.6294037394682392,-1.6294037394682392
114.5,28.5,-10.90983838875661,-5.454919194378305
118.0,30.5,12.68705766394675,7.249747236541
117.5,30.0,-1.8109894863258127,-1.8109894863258127
117.0,29.0,-1.875650549563641,-3.751301099127282
117.0,31.0,0.0,7.019809378959375
117.5,32.0,1.8654762641799723,3.7309525283599445
118.5,33.0,3.2855000726402697,3.2855000726402697
120.5,34.5,7.550191272049857,5.662643454037393
118.5,35.0,-7.621226408117584,1.905306602029396
119.5,35.0,3.482540743991262,0.0
121.0,34.5,5.0370049588525765,-1.6790016529508587
120.0,35.5,-3.254242438872703,3.254242438872703
120.0,36.5,0.0,3.168829910828709
121.0,37.0,3.4330698717301398,1.7165349358650699
120.5,36.0,-1.7261869831986658,-3.4523739663973316
119.5,36.0,-3.4401859330838667,0.0
119.0,36.5,-1.885017801895255,1.885017801895255
119.0,37.5,0.0,3.699229766938487
118.0,44.0,-3.253315299624342,21.146549447558225
116.5,50.0,-4.8046190402388085,19.218476160955234
116.0,52.0,-1.8137829696099583,7.255131878439833
116.0,52.0,0.0,0.0
115.5,54.0,-1.7680139895833502,7.072055958333401
115.0,57.5,-1.877616116663404,13.143312816643826
114.5,61.0,-1.907707350484972,13.353951453394805
114.5,65.0,0.0,13.058718826216069
114.0,68.0,-1.606746491585825,9.64047894951495
114.0,68.5,0.0,1.673847130424633
114.0,71.0,0.0,7.761447906697139
112.5,74.5,-5.470236142655505,12.763884332862846
112.0,79.5,-1.884958637339655,18.84958637339655
111.5,86.0,-1.753075869262821,22.789986300416672
112.0,86.0,1.8554075160457968,0.0
113.5,85.0,4.747779926655098,-3.165186617770065
116.0,85.0,8.490733180173823,0.0
117.0,86.5,3.2116312841609265,4.81744692624139
116.5,86.5,-1.8289671987359337,0.0
117.0,86.0,1.8227930204238383,-1.8227930204238383
117.5,85.0,1.7059881032345892,-3.4119762064691783
117.0,85.5,-1.6863564284501373,1.6863564284501373
117.5,84.5,1.844328087597423,-3.688656175194846
117.5,83.0,0.0,-5.116058869363819
117.0,83.0,-1.8887988733091075,0.0
115.0,84.5,-6.469230053722491,4.851922540291868
114.0,86.5,-3.5832123173196786,7.166424634639357
115.0,87.0,3.6630494477230955,1.8315247238615477
116.5,86.5,5.640980611292967,-1.880326870430989
116.0,86.0,-1.6616463458341393,-1.6616463458341393
115.5,86.0,-1.8376645738495714,0.0
115.0,86.0,-1.4582403176639112,0.0
115.0,85.5,0.0,-1.6927662746833094
113.0,86.5,-6.443868438341555,3.2219342191707776
113.0,87.0,0.0,1.7637965063111418
111.5,90.0,-5.63520396443111,11.27040792886222
113.5,87.0,7.153856799491383,-10.730785199237074
112.0,84.0,-4.913689296462656,-9.827378592925312
109.0,85.5,-9.364865418830204,4.682432709415102
108.5,87.5,-1.8029250006954989,7.2117000027819955
110.5,89.0,7.442964125028761,5.582223093771569
111.0,87.5,1.895714970217647,-5.6871449106529415
112.0,87.0,3.3174895623977356,-1.6587447811988678
112.0,84.5,0.0,-8.665185755886924
113.0,87.0,3.1129651007230246,7.782412751807561
114.0,85.0,3.324106818429808,-6.648213636859616
114.0,84.0,0.0,-3.22340093858878
114.0,84.0,0.0,0.0
112.0,83.5,-7.152641878558036,-1.788160469639509
113.0,82.5,3.765544313341923,-3.765544313341923
115.5,82.0,8.676805575119438,-1.7353611150238877
115.5,81.0,0.0,-3.4433308877659257
114.5,81.0,-3.781548941453411,0.0
Center X,Center Y,Speed X,Speed Y
Center X,Center Y,Speed X,Speed Y
58.0,62.0,0.0,0.0
58.0,61.5,0.0,-1.3941055665465718
58.0,61.5,0.0,0.0
58.0,61.5,0.0,0.0
58.0,61.5,0.0,0.0
58.5,63.0,1.2992175721079777,3.897652716323934
58.5,63.5,0.0,1.505673313335663
58.5,63.0,0.0,-1.4467621161511934
58.5,63.0,0.0,0.0
58.5,63.0,0.0,0.0
58.5,63.0,0.0,0.0
58.5,63.0,0.0,0.0
58.5,63.0,0.0,0.0
58.5,63.0,0.0,0.0
58.5,63.0,0.0,0.0
58.5,63.0,0.0,0.0
58.5,63.0,0.0,0.0
58.5,63.0,0.0,0.0
58.5,63.0,0.0,0.0
58.5,63.0,0.0,0.0
58.5,63.0,0.0,0.0
58.5,63.0,0.0,0.0
58.5,63.0,0.0,0.0
58.5,63.0,0.0,0.0
58.5,63.0,0.0,0.0
58.5,63.0,0.0,0.0
58.5,63.0,0.0,0.0
58.5,63.0,0.0,0.0
58.5,63.5,0.0,1.7652904175712785
58.5,63.5,0.0,0.0
58.5,63.5,0.0,0.0
58.5,63.5,0.0,0.0
58.5,64.0,0.0,1.737834721075121
58.5,63.5,0.0,-1.6993942145998409
58.5,63.5,0.0,0.0
58.5,64.0,0.0,1.8684684964653313
58.5,63.5,0.0,-1.7144387144273348
58.5,63.5,0.0,0.0
58.5,64.0,0.0,1.8954158182451175
58.5,63.5,0.0,-1.6806200466306072
58.5,63.5,0.0,0.0
58.5,63.5,0.0,0.0
58.5,64.0,0.0,1.6664415416376928
58.5,63.5,0.0,-1.8418685952132314
58.5,63.5,0.0,0.0
58.5,63.5,0.0,0.0
58.5,65.0,0.0,5.426931611850877
58.0,70.5,-1.3370482516642017,14.707530768306217
57.5,78.0,-1.771167629544104,26.567514443161553
57.5,84.0,0.0,21.77677128612507
57.0,85.0,-1.796843467018737,3.593686934037474
57.0,87.0,0.0,7.42224155150059
57.0,87.0,0.0,0.0
57.0,87.0,0.0,0.0
57.0,89.0,0.0,7.0029077269098225
57.0,89.5,0.0,1.9077006172496977
57.0,90.0,0.0,1.7165185818562594
57.0,89.5,0.0,-1.8674248552659187
57.0,89.5,0.0,0.0
57.0,89.5,0.0,0.0
57.0,89.5,0.0,0.0
57.0,90.0,0.0,1.7324409363894018
57.0,90.0,0.0,0.0
57.0,90.0,0.0,0.0
57.0,90.0,0.0,0.0
57.0,90.0,0.0,0.0
57.0,90.0,0.0,0.0
57.0,90.0,0.0,0.0
57.0,90.0,0.0,0.0
57.0,90.0,0.0,0.0
57.0,90.0,0.0,0.0
57.0,90.0,0.0,0.0
57.0,90.0,0.0,0.0
57.0,90.0,0.0,0.0
57.0,90.0,0.0,0.0
57.0,90.0,0.0,0.0
57.0,89.5,0.0,-1.6895015799333535
57.0,89.5,0.0,0.0
57.0,89.5,0.0,0.0
57.5,86.5,1.6630591481068162,-9.978354888640897
58.5,67.0,3.2343246919291255,-63.069331492617955
59.5,48.5,3.43883985330779,-63.61853728619412
59.5,41.5,0.0,-23.354687471098437
59.5,41.5,0.0,0.0
59.5,41.5,0.0,0.0
59.5,42.0,0.0,1.9056671128873781
59.5,42.0,0.0,0.0
59.5,42.0,0.0,0.0
59.5,41.5,0.0,-1.7317655987245089
59.5,41.5,0.0,0.0
59.5,41.5,0.0,0.0
59.5,41.5,0.0,0.0
59.5,41.5,0.0,0.0
59.5,41.5,0.0,0.0
59.5,41.5,0.0,0.0
59.5,41.0,0.0,-1.5336872774681352
59.5,41.0,0.0,0.0
59.5,42.5,0.0,5.593918923484719
59.5,45.0,0.0,8.142706598846397
59.0,49.0,-1.6696778135949153,13.357422508759322
58.5,63.0,-1.6336686742932804,45.74272288021185
58.0,72.0,-1.6326208961698476,29.387176131057256
58.0,72.0,0.0,0.0
58.0,72.0,0.0,0.0
58.0,72.0,0.0,0.0
58.0,71.5,0.0,-1.8989029150897396
58.0,71.5,0.0,0.0
58.0,71.5,0.0,0.0
58.0,71.5,0.0,0.0
58.0,71.5,0.0,0.0
58.0,71.5,0.0,0.0
58.0,71.5,0.0,0.0
58.0,71.5,0.0,0.0
58.0,71.5,0.0,0.0
58.0,71.5,0.0,0.0
58.0,71.5,0.0,0.0
58.0,71.5,0.0,0.0
58.0,71.5,0.0,0.0
58.0,71.5,0.0,0.0
58.0,71.5,0.0,0.0
58.0,71.5,0.0,0.0
58.0,71.5,0.0,0.0
58.0,71.5,0.0,0.0
58.0,71.5,0.0,0.0
58.0,71.5,0.0,0.0
58.0,71.5,0.0,0.0
58.5,73.0,1.5098048562555895,4.529414568766769
Center X,Center Y,Speed X,Speed Y
32.0,27.0,0.0,0.0
32.0,27.0,0.0,0.0
32.0,27.0,0.0,0.0
32.0,27.0,0.0,0.0
32.0,27.0,0.0,0.0
32.0,27.0,0.0,0.0
32.0,27.0,0.0,0.0
32.0,27.0,0.0,0.0
32.0,27.0,0.0,0.0
32.0,27.0,0.0,0.0
32.0,27.0,0.0,0.0
32.0,27.0,0.0,0.0
32.0,27.0,0.0,0.0
32.0,27.0,0.0,0.0
32.0,27.0,0.0,0.0
32.0,27.0,0.0,0.0
32.0,27.0,0.0,0.0
32.0,27.0,0.0,0.0
32.0,27.0,0.0,0.0
32.0,27.0,0.0,0.0
32.0,27.0,0.0,0.0
32.0,27.0,0.0,0.0
32.0,27.0,0.0,0.0
31.5,26.5,-1.7321744389031608,-1.7321744389031608
32.0,27.0,1.4598971985714566,1.4598971985714566
32.0,27.0,0.0,0.0
32.0,27.0,0.0,0.0
32.0,27.0,0.0,0.0
32.0,27.0,0.0,0.0
32.0,27.0,0.0,0.0
32.0,27.0,0.0,0.0
32.0,27.0,0.0,0.0
32.0,27.0,0.0,0.0
32.0,27.0,0.0,0.0
32.0,27.0,0.0,0.0
31.5,26.5,-1.7012110143739343,-1.7012110143739343
32.0,27.0,1.4765557958699616,1.4765557958699616
32.0,27.0,0.0,0.0
32.0,27.0,0.0,0.0
32.0,27.0,0.0,0.0
31.5,26.5,-1.6935760186731124,-1.6935760186731124
32.0,27.0,1.5783738980896242,1.5783738980896242
32.0,27.0,0.0,0.0
31.5,26.5,-1.7852212036060002,-1.7852212036060002
32.0,27.0,1.3181437637081415,1.3181437637081415
32.0,27.0,0.0,0.0
32.0,27.0,0.0,0.0
32.0,27.0,0.0,0.0
32.0,27.0,0.0,0.0
32.0,27.0,0.0,0.0
32.0,27.0,0.0,0.0
32.0,27.0,0.0,0.0
31.5,26.5,-1.3892978652577408,-1.3892978652577408
31.5,26.5,0.0,0.0
31.5,26.5,0.0,0.0
32.0,27.0,1.8037151740917408,1.8037151740917408
31.5,26.5,-1.8769271566024464,-1.8769271566024464
32.0,27.0,1.7789284344427927,1.7789284344427927
31.5,26.5,-1.5834154689973767,-1.5834154689973767
31.5,26.5,0.0,0.0
32.0,27.0,1.832095874447087,1.832095874447087
32.0,27.0,0.0,0.0
32.0,27.0,0.0,0.0
32.0,27.0,0.0,0.0
31.5,26.5,-1.430694668961749,-1.430694668961749
32.0,27.0,1.7227391537648944,1.7227391537648944
32.0,27.0,0.0,0.0
31.5,26.5,-1.7824012961500963,-1.7824012961500963
32.0,27.0,1.7889574882038877,1.7889574882038877
32.0,27.0,0.0,0.0
31.5,26.5,-1.8912486115766327,-1.8912486115766327
32.0,27.0,1.7509140856809364,1.7509140856809364
32.0,27.0,0.0,0.0
31.5,26.5,-1.4310987301116944,-1.4310987301116944
31.5,26.5,0.0,0.0
31.5,26.5,0.0,0.0
32.0,27.0,1.7413302101080503,1.7413302101080503
31.5,26.5,-1.596003545686893,-1.596003545686893
32.0,27.0,1.5796008872118965,1.5796008872118965
32.0,27.0,0.0,0.0
31.5,26.5,-1.5213083067278834,-1.5213083067278834
31.5,26.5,0.0,0.0
32.0,27.0,1.7579966199285266,1.7579966199285266
32.0,27.0,0.0,0.0
32.0,27.0,0.0,0.0
31.5,26.5,-1.5723909304646606,-1.5723909304646606
32.0,27.0,1.8400940506241594,1.8400940506241594
32.0,27.0,0.0,0.0
32.0,27.0,0.0,0.0
31.5,26.5,-1.5298310905850265,-1.5298310905850265
32.0,27.0,1.7716669070582363,1.7716669070582363
31.5,26.5,-1.7283046812119651,-1.7283046812119651
32.0,27.0,1.4871252088525544,1.4871252088525544
31.5,26.5,-1.780729659385117,-1.780729659385117
31.5,26.5,0.0,0.0
31.5,26.5,0.0,0.0
31.5,26.5,0.0,0.0
31.5,26.5,0.0,0.0
31.5,26.5,0.0,0.0
31.5,26.5,0.0,0.0
31.5,26.5,0.0,0.0
31.5,26.5,0.0,0.0
31.5,26.5,0.0,0.0
31.5,26.5,0.0,0.0
31.5,26.5,0.0,0.0
32.0,27.0,1.82897132468033,1.82897132468033
31.5,26.5,-1.3509999161414326,-1.3509999161414326
31.5,26.5,0.0,0.0
31.5,26.5,0.0,0.0
31.5,26.5,0.0,0.0
31.5,26.5,0.0,0.0
32.0,27.0,1.3676789977922552,1.3676789977922552
32.0,27.0,0.0,0.0
31.5,26.5,-1.3510877200873186,-1.3510877200873186
31.5,26.5,0.0,0.0
31.5,26.5,0.0,0.0
31.5,26.5,0.0,0.0
31.5,26.5,0.0,0.0
31.5,26.5,0.0,0.0
32.0,27.0,1.3023396829027958,1.3023396829027958
31.5,26.5,-1.603757288919466,-1.603757288919466
31.5,26.5,0.0,0.0
31.5,26.5,0.0,0.0
31.5,26.5,0.0,0.0
31.5,26.5,0.0,0.0
31.5,26.5,0.0,0.0
31.5,26.5,0.0,0.0
31.5,26.5,0.0,0.0
31.5,26.5,0.0,0.0
32.0,27.0,1.443764538488161,1.443764538488161
32.0,27.0,0.0,0.0
31.5,26.5,-1.4171430754411476,-1.4171430754411476
31.5,26.5,0.0,0.0
31.5,26.5,0.0,0.0
31.5,26.5,0.0,0.0
31.5,26.5,0.0,0.0
31.5,26.5,0.0,0.0
31.5,26.5,0.0,0.0
31.5,26.5,0.0,0.0
31.5,26.5,0.0,0.0
31.5,26.5,0.0,0.0
31.5,26.5,0.0,0.0
31.5,26.5,0.0,0.0
31.5,26.5,0.0,0.0
31.5,26.5,0.0,0.0
31.5,26.5,0.0,0.0
31.5,26.5,0.0,0.0
31.5,26.5,0.0,0.0
31.5,26.5,0.0,0.0
31.5,26.5,0.0,0.0
31.5,26.5,0.0,0.0
31.5,27.0,0.0,1.8705894928620552
Center X,Center Y,Speed X,Speed Y
Center X,Center Y,Speed X,Speed Y
36.5,107.5,1.7339860152133444,1.7339860152133444
36.5,107.5,0.0,0.0
36.5,107.5,0.0,0.0
36.5,107.5,0.0,0.0
36.5,107.5,0.0,0.0
36.5,107.5,0.0,0.0
36.5,107.5,0.0,0.0
36.5,107.5,0.0,0.0
36.5,107.5,0.0,0.0
36.5,107.5,0.0,0.0
36.5,107.5,0.0,0.0
36.5,107.5,0.0,0.0
36.5,107.5,0.0,0.0
36.5,107.5,0.0,0.0
36.5,107.5,0.0,0.0
36.5,107.5,0.0,0.0
36.5,107.5,0.0,0.0
36.5,107.5,0.0,0.0
36.5,107.5,0.0,0.0
36.5,107.5,0.0,0.0
36.5,107.5,0.0,0.0
36.5,107.5,0.0,0.0
36.5,107.5,0.0,0.0
36.5,107.5,0.0,0.0
36.5,107.5,0.0,0.0
36.5,107.5,0.0,0.0
36.5,107.5,0.0,0.0
36.5,107.5,0.0,0.0
36.5,107.5,0.0,0.0
36.5,107.5,0.0,0.0
36.5,107.5,0.0,0.0
36.5,107.5,0.0,0.0
36.5,107.5,0.0,0.0
36.5,107.5,0.0,0.0
36.5,107.5,0.0,0.0
36.5,107.5,0.0,0.0
36.5,107.5,0.0,0.0
36.5,107.5,0.0,0.0
36.5,107.5,0.0,0.0
37.0,107.5,1.2540451935893757,0.0
36.5,107.5,-1.8164731589766367,0.0
36.5,107.5,0.0,0.0
36.5,107.5,0.0,0.0
36.5,107.5,0.0,0.0
36.5,107.5,0.0,0.0
36.5,107.5,0.0,0.0
36.5,107.5,0.0,0.0
36.5,107.5,0.0,0.0
36.5,107.5,0.0,0.0
36.5,107.5,0.0,0.0
36.5,107.5,0.0,0.0
36.5,107.5,0.0,0.0
36.5,107.5,0.0,0.0
36.5,107.5,0.0,0.0
36.5,107.5,0.0,0.0
36.5,107.5,0.0,0.0
36.5,107.5,0.0,0.0
36.5,107.5,0.0,0.0
36.5,107.5,0.0,0.0
36.5,107.5,0.0,0.0
36.5,107.5,0.0,0.0
36.5,107.5,0.0,0.0
36.5,107.5,0.0,0.0
36.5,107.5,0.0,0.0
36.5,107.5,0.0,0.0
36.5,107.5,0.0,0.0
36.5,107.5,0.0,0.0
36.5,107.5,0.0,0.0
36.5,107.5,0.0,0.0
36.5,107.5,0.0,0.0
36.5,107.5,0.0,0.0
36.5,107.5,0.0,0.0
36.5,107.5,0.0,0.0
36.5,107.5,0.0,0.0
36.5,107.5,0.0,0.0
36.5,107.5,0.0,0.0
36.5,107.5,0.0,0.0
36.5,107.5,0.0,0.0
36.5,107.5,0.0,0.0
36.5,107.5,0.0,0.0
36.5,107.5,0.0,0.0
36.5,107.5,0.0,0.0
36.5,107.5,0.0,0.0
36.5,107.5,0.0,0.0
36.5,107.5,0.0,0.0
36.5,107.5,0.0,0.0
36.5,107.5,0.0,0.0
36.5,107.5,0.0,0.0
36.5,107.5,0.0,0.0
36.5,107.5,0.0,0.0
36.5,107.5,0.0,0.0
36.5,107.5,0.0,0.0
37.0,107.5,1.520664867028644,0.0
36.5,107.5,-1.8851208009078702,0.0
36.5,107.5,0.0,0.0
36.5,107.5,0.0,0.0
36.5,107.5,0.0,0.0
36.5,107.5,0.0,0.0
36.5,107.5,0.0,0.0
36.5,107.5,0.0,0.0
36.5,107.5,0.0,0.0
36.5,107.5,0.0,0.0
36.5,107.5,0.0,0.0
36.5,107.5,0.0,0.0
36.5,107.5,0.0,0.0
36.5,107.5,0.0,0.0
36.5,107.5,0.0,0.0
36.5,107.5,0.0,0.0
36.5,107.5,0.0,0.0
36.5,107.5,0.0,0.0
36.5,107.5,0.0,0.0
36.5,107.5,0.0,0.0
36.5,107.5,0.0,0.0
36.5,107.5,0.0,0.0
36.5,107.5,0.0,0.0
36.5,107.5,0.0,0.0
36.5,107.5,0.0,0.0
36.5,107.5,0.0,0.0
36.5,107.5,0.0,0.0
36.5,107.5,0.0,0.0
36.5,107.5,0.0,0.0
36.5,107.5,0.0,0.0
36.5,107.5,0.0,0.0
36.5,107.5,0.0,0.0
36.5,107.5,0.0,0.0
36.5,107.5,0.0,0.0
36.5,107.5,0.0,0.0
36.5,107.5,0.0,0.0
36.5,107.5,0.0,0.0
36.5,107.5,0.0,0.0
36.5,107.5,0.0,0.0
36.5,107.5,0.0,0.0
36.5,107.5,0.0,0.0
36.5,107.5,0.0,0.0
36.5,107.5,0.0,0.0
36.5,107.5,0.0,0.0
36.5,107.5,0.0,0.0
Center X,Center Y,Speed X,Speed Y
Center X,Center Y,Speed X,Speed Y
Center X,Center Y,Speed X,Speed Y
29.0,37.0,0.0,3.8303217979862647
29.0,36.5,0.0,-1.3496426595761368
29.0,37.0,0.0,1.2839661367057928
29.0,37.0,0.0,0.0
29.0,37.0,0.0,0.0
29.0,37.0,0.0,0.0
29.0,36.5,0.0,-1.2438740824231707
29.0,37.0,0.0,1.288869980550229
29.0,37.0,0.0,0.0
29.0,37.0,0.0,0.0
29.0,37.0,0.0,0.0
29.0,37.0,0.0,0.0
29.0,37.0,0.0,0.0
29.0,37.0,0.0,0.0
29.0,37.0,0.0,0.0
29.0,37.0,0.0,0.0
29.0,37.0,0.0,0.0
29.0,37.0,0.0,0.0
29.0,37.0,0.0,0.0
29.0,37.0,0.0,0.0
29.0,37.0,0.0,0.0
29.0,37.0,0.0,0.0
29.0,37.0,0.0,0.0
29.0,37.0,0.0,0.0
29.0,37.0,0.0,0.0
29.0,37.0,0.0,0.0
29.0,37.0,0.0,0.0
29.0,37.0,0.0,0.0
29.0,37.0,0.0,0.0
29.0,37.0,0.0,0.0
29.0,37.0,0.0,0.0
29.0,37.0,0.0,0.0
29.0,37.0,0.0,0.0
29.0,37.0,0.0,0.0
29.0,37.0,0.0,0.0
29.0,37.0,0.0,0.0
29.0,37.0,0.0,0.0
29.0,37.0,0.0,0.0
29.0,37.0,0.0,0.0
29.0,37.0,0.0,0.0
29.0,37.0,0.0,0.0
29.0,37.0,0.0,0.0
29.0,37.0,0.0,0.0
29.0,37.0,0.0,0.0
29.0,37.0,0.0,0.0
29.0,37.0,0.0,0.0
29.0,37.0,0.0,0.0
29.0,37.0,0.0,0.0
29.0,37.0,0.0,0.0
29.0,37.0,0.0,0.0
29.0,37.0,0.0,0.0
29.0,37.0,0.0,0.0
29.0,37.0,0.0,0.0
29.0,37.0,0.0,0.0
29.0,37.0,0.0,0.0
29.0,37.0,0.0,0.0
29.0,37.0,0.0,0.0
29.0,37.0,0.0,0.0
29.0,37.0,0.0,0.0
29.0,37.0,0.0,0.0
29.0,37.0,0.0,0.0
29.0,37.0,0.0,0.0
29.0,37.0,0.0,0.0
29.0,37.0,0.0,0.0
29.0,37.0,0.0,0.0
29.0,37.0,0.0,0.0
29.0,37.0,0.0,0.0
29.0,37.0,0.0,0.0
29.0,37.0,0.0,0.0
29.0,37.0,0.0,0.0
29.0,37.0,0.0,0.0
29.0,37.0,0.0,0.0
29.0,37.0,0.0,0.0
29.0,37.0,0.0,0.0
29.0,37.0,0.0,0.0
29.0,37.0,0.0,0.0
29.0,37.0,0.0,0.0
29.0,37.0,0.0,0.0
29.0,37.0,0.0,0.0
29.0,37.0,0.0,0.0
29.0,37.0,0.0,0.0
29.0,37.0,0.0,0.0
29.0,37.0,0.0,0.0
29.0,37.0,0.0,0.0
29.0,37.0,0.0,0.0
29.0,37.0,0.0,0.0
29.0,37.0,0.0,0.0
29.0,37.0,0.0,0.0
29.0,37.0,0.0,0.0
29.0,37.0,0.0,0.0
29.0,37.0,0.0,0.0
29.0,37.0,0.0,0.0
29.0,36.5,0.0,-1.4702179685181263
29.0,37.0,0.0,1.6438908523046434
29.0,37.0,0.0,0.0
29.0,37.0,0.0,0.0
29.0,37.0,0.0,0.0
29.0,37.0,0.0,0.0
29.0,37.0,0.0,0.0
29.0,37.0,0.0,0.0
29.0,37.0,0.0,0.0
29.0,37.0,0.0,0.0
29.0,37.0,0.0,0.0
29.0,37.0,0.0,0.0
29.0,37.0,0.0,0.0
29.0,37.0,0.0,0.0
29.0,37.0,0.0,0.0
29.0,37.0,0.0,0.0
29.0,37.0,0.0,0.0
29.0,37.0,0.0,0.0
29.0,37.0,0.0,0.0
29.0,37.0,0.0,0.0
29.0,37.0,0.0,0.0
28.5,36.5,-1.787139588249931,-1.787139588249931
28.5,36.5,0.0,0.0
28.5,36.5,0.0,0.0
28.5,36.5,0.0,0.0
28.5,36.5,0.0,0.0
28.5,36.5,0.0,0.0
28.5,36.5,0.0,0.0
27.5,39.0,-3.1101438797274357,7.77535969931859
27.0,38.0,-1.9000354792544212,-3.8000709585088424
27.0,38.0,0.0,0.0
27.0,38.0,0.0,0.0
27.5,38.0,1.8815574522715086,0.0
27.5,38.0,0.0,0.0
27.5,38.0,0.0,0.0
27.5,38.0,0.0,0.0
27.5,38.0,0.0,0.0
27.5,38.0,0.0,0.0
27.5,38.0,0.0,0.0
27.5,38.0,0.0,0.0
27.5,38.0,0.0,0.0
27.5,38.0,0.0,0.0
27.5,38.0,0.0,0.0
27.5,38.0,0.0,0.0
27.5,38.0,0.0,0.0
27.5,38.0,0.0,0.0
28.0,38.0,1.7200984405702395,0.0
27.5,38.0,-1.6875428292594374,0.0
27.5,38.0,0.0,0.0
27.5,38.0,0.0,0.0
27.5,38.0,0.0,0.0
27.5,38.0,0.0,0.0
27.5,38.5,0.0,1.6838662119099652
27.5,38.5,0.0,0.0
28.0,38.0,1.8758610266801274,-1.8758610266801274
27.5,38.0,-1.817727509857055,0.0
27.5,38.5,0.0,1.8490454103688667
27.5,38.5,0.0,0.0
27.5,38.0,0.0,-1.7008808848416512
27.5,38.0,0.0,0.0
27.5,38.0,0.0,0.0
28.0,38.0,1.771891480163469,0.0
27.5,38.0,-1.8451822735502805,0.0
27.5,38.0,0.0,0.0
27.5,38.5,0.0,1.644729570425787
28.0,38.0,1.8938860805723505,-1.8938860805723505
28.0,38.0,0.0,0.0
27.5,38.0,-1.8587658717527844,0.0
28.0,38.0,1.8352498125152972,0.0
27.5,38.0,-1.8737973541075572,0.0
28.0,38.0,1.7180699645691981,0.0
28.0,38.0,0.0,0.0
28.0,38.0,0.0,0.0
28.0,38.0,0.0,0.0
28.0,38.0,0.0,0.0
27.5,38.0,-1.8182350363426443,0.0
27.5,38.0,0.0,0.0
28.0,38.0,1.8065566862831888,0.0
28.0,38.0,0.0,0.0
28.0,38.0,0.0,0.0
28.0,38.0,0.0,0.0
28.0,38.0,0.0,0.0
28.0,38.0,0.0,0.0
28.0,38.0,0.0,0.0
28.0,38.0,0.0,0.0
28.0,38.0,0.0,0.0
28.0,38.0,0.0,0.0
28.0,38.0,0.0,0.0
28.0,38.0,0.0,0.0
28.0,38.0,0.0,0.0
28.5,37.5,1.7114873001830384,-1.7114873001830384
28.5,37.0,0.0,-1.6972081565489099
28.5,37.0,0.0,0.0
28.5,37.0,0.0,0.0
28.0,37.0,-1.7239846499268152,0.0
28.5,37.0,1.7358199664190772,0.0
28.5,37.0,0.0,0.0
28.5,37.0,0.0,0.0
28.5,37.0,0.0,0.0
28.5,37.0,0.0,0.0
28.5,37.0,0.0,0.0
28.5,37.0,0.0,0.0
28.5,37.0,0.0,0.0
28.5,37.0,0.0,0.0
28.5,37.0,0.0,0.0
28.5,37.0,0.0,0.0
28.5,37.0,0.0,0.0
28.5,37.0,0.0,0.0
28.5,37.0,0.0,0.0
28.5,37.0,0.0,0.0
28.5,37.0,0.0,0.0
28.5,37.0,0.0,0.0
28.5,37.0,0.0,0.0
28.5,37.0,0.0,0.0
28.5,37.0,0.0,0.0
28.5,37.0,0.0,0.0
28.5,37.0,0.0,0.0
28.5,37.0,0.0,0.0
28.5,37.0,0.0,0.0
28.5,37.0,0.0,0.0
28.5,37.0,0.0,0.0
28.5,37.0,0.0,0.0
28.5,37.0,0.0,0.0
28.5,37.0,0.0,0.0
28.5,37.0,0.0,0.0
28.5,37.0,0.0,0.0
28.5,37.0,0.0,0.0
28.5,37.0,0.0,0.0
28.5,37.0,0.0,0.0
28.5,37.0,0.0,0.0
28.5,37.0,0.0,0.0
28.5,37.0,0.0,0.0
28.5,37.0,0.0,0.0
28.5,37.0,0.0,0.0
28.5,37.0,0.0,0.0
28.5,37.0,0.0,0.0
28.5,37.0,0.0,0.0
28.5,37.0,0.0,0.0
28.5,37.0,0.0,0.0
28.5,37.0,0.0,0.0
28.5,37.0,0.0,0.0
28.5,37.0,0.0,0.0
28.0,37.0,-1.7260932695527145,0.0
28.5,37.0,1.4107195614749313,0.0
28.5,37.0,0.0,0.0
28.0,37.0,-1.4376318516313153,0.0
28.5,37.0,1.8481771120850778,0.0
28.5,37.0,0.0,0.0
28.0,37.0,-1.7594558992168112,0.0
28.5,37.0,1.8685912278130008,0.0
28.5,37.0,0.0,0.0
28.5,37.0,0.0,0.0
28.0,37.0,-1.6691690625947844,0.0
28.5,37.0,1.499003238670194,0.0
28.0,37.0,-1.7446314059297927,0.0
28.0,37.0,0.0,0.0
28.0,37.0,0.0,0.0
28.0,37.0,0.0,0.0
28.0,37.0,0.0,0.0
28.0,37.0,0.0,0.0
28.0,37.0,0.0,0.0
28.0,37.0,0.0,0.0
28.0,37.0,0.0,0.0
28.0,37.0,0.0,0.0
28.0,37.0,0.0,0.0
28.0,37.0,0.0,0.0
28.0,37.0,0.0,0.0
28.0,37.0,0.0,0.0
28.0,37.0,0.0,0.0
28.0,37.0,0.0,0.0
28.0,37.0,0.0,0.0
28.0,37.0,0.0,0.0
28.0,37.0,0.0,0.0
28.0,37.0,0.0,0.0
28.0,37.0,0.0,0.0
28.0,37.0,0.0,0.0
28.0,37.0,0.0,0.0
28.0,37.0,0.0,0.0
28.0,36.5,0.0,-1.7468774309365378
28.0,37.0,0.0,1.4937805821155603
28.0,37.0,0.0,0.0
28.0,37.0,0.0,0.0
28.0,37.0,0.0,0.0
28.0,37.0,0.0,0.0
28.0,37.0,0.0,0.0
28.0,37.0,0.0,0.0
28.0,37.0,0.0,0.0
28.0,37.0,0.0,0.0
28.0,37.0,0.0,0.0
28.0,37.0,0.0,0.0
28.0,37.0,0.0,0.0
28.0,37.0,0.0,0.0
28.0,37.0,0.0,0.0
28.0,37.0,0.0,0.0
28.0,37.0,0.0,0.0
28.0,36.5,0.0,-1.8500854906326942
28.0,37.0,0.0,1.7716901361189068
28.0,37.0,0.0,0.0
28.0,37.0,0.0,0.0
Center X,Center Y,Speed X,Speed Y
Center X,Center Y,Speed X,Speed Y
30.0,45.0,0.0,0.0
30.0,45.0,0.0,0.0
30.0,45.0,0.0,0.0
30.0,45.0,0.0,0.0
30.0,45.0,0.0,0.0
30.0,45.0,0.0,0.0
30.0,45.0,0.0,0.0
30.0,45.0,0.0,0.0
30.0,45.0,0.0,0.0
30.0,45.0,0.0,0.0
30.0,45.0,0.0,0.0
30.0,45.0,0.0,0.0
30.0,45.0,0.0,0.0
30.0,45.0,0.0,0.0
30.0,45.0,0.0,0.0
30.0,45.0,0.0,0.0
30.0,45.0,0.0,0.0
30.0,45.0,0.0,0.0
30.0,45.0,0.0,0.0
30.0,45.0,0.0,0.0
30.0,45.0,0.0,0.0
30.0,45.0,0.0,0.0
30.0,45.0,0.0,0.0
30.0,45.0,0.0,0.0
30.0,45.0,0.0,0.0
30.0,45.0,0.0,0.0
30.0,45.0,0.0,0.0
30.0,45.0,0.0,0.0
30.0,45.0,0.0,0.0
30.0,45.0,0.0,0.0
30.0,45.0,0.0,0.0
30.0,45.0,0.0,0.0
30.0,45.0,0.0,0.0
30.0,45.0,0.0,0.0
30.0,45.0,0.0,0.0
30.0,45.0,0.0,0.0
30.0,45.0,0.0,0.0
30.0,45.0,0.0,0.0
30.0,45.0,0.0,0.0
30.0,45.0,0.0,0.0
30.0,45.0,0.0,0.0
30.0,45.0,0.0,0.0
30.0,45.0,0.0,0.0
30.0,45.0,0.0,0.0
30.0,45.0,0.0,0.0
30.0,45.0,0.0,0.0
30.0,45.0,0.0,0.0
30.0,45.0,0.0,0.0
30.0,45.0,0.0,0.0
30.0,45.0,0.0,0.0
30.0,45.0,0.0,0.0
30.0,45.0,0.0,0.0
30.0,45.0,0.0,0.0
30.0,45.0,0.0,0.0
30.0,45.0,0.0,0.0
30.0,45.0,0.0,0.0
30.0,45.0,0.0,0.0
30.0,45.0,0.0,0.0
30.0,45.0,0.0,0.0
30.0,45.0,0.0,0.0
30.0,45.0,0.0,0.0
30.0,45.0,0.0,0.0
30.0,45.0,0.0,0.0
30.0,45.0,0.0,0.0
30.0,45.0,0.0,0.0
30.0,45.0,0.0,0.0
30.0,45.0,0.0,0.0
30.0,45.0,0.0,0.0
30.0,45.0,0.0,0.0
30.0,45.0,0.0,0.0
30.0,45.0,0.0,0.0
30.0,45.0,0.0,0.0
30.0,45.0,0.0,0.0
30.0,45.0,0.0,0.0
30.0,45.0,0.0,0.0
30.0,45.0,0.0,0.0
30.0,45.0,0.0,0.0
30.0,45.0,0.0,0.0
30.0,45.0,0.0,0.0
30.0,45.0,0.0,0.0
30.0,45.0,0.0,0.0
30.0,45.0,0.0,0.0
30.0,45.0,0.0,0.0
30.0,45.0,0.0,0.0
30.0,45.0,0.0,0.0
30.0,45.0,0.0,0.0
30.0,45.0,0.0,0.0
30.0,45.0,0.0,0.0
30.0,45.0,0.0,0.0
30.0,45.0,0.0,0.0
30.0,45.0,0.0,0.0
30.0,45.0,0.0,0.0
30.0,45.0,0.0,0.0
30.0,45.0,0.0,0.0
30.0,45.0,0.0,0.0
29.5,45.0,-1.4478588761773132,0.0
29.5,45.0,0.0,0.0
29.5,45.0,0.0,0.0
29.5,45.0,0.0,0.0
29.5,45.0,0.0,0.0
29.5,45.0,0.0,0.0
29.5,45.0,0.0,0.0
29.5,45.0,0.0,0.0
29.5,45.0,0.0,0.0
29.5,45.0,0.0,0.0
29.5,45.0,0.0,0.0
29.5,45.0,0.0,0.0
29.5,45.0,0.0,0.0
29.5,45.0,0.0,0.0
29.5,45.0,0.0,0.0
29.5,45.0,0.0,0.0
29.5,45.0,0.0,0.0
29.5,45.0,0.0,0.0
29.5,45.0,0.0,0.0
29.5,45.0,0.0,0.0
29.5,45.0,0.0,0.0
29.5,45.0,0.0,0.0
29.5,45.0,0.0,0.0
29.5,45.0,0.0,0.0
29.5,45.0,0.0,0.0
29.5,45.0,0.0,0.0
Center X,Center Y,Speed X,Speed Y
Center X,Center Y,Speed X,Speed Y
Center X,Center Y,Speed X,Speed Y
36.0,37.5,0.0,1.7407637828201774
36.5,38.0,1.3505970648945187,1.3505970648945187
36.5,38.0,0.0,0.0
36.0,37.5,-1.4106103374140746,-1.4106103374140746
36.5,38.0,1.2711578393109804,1.2711578393109804
36.5,38.0,0.0,0.0
36.5,38.0,0.0,0.0
36.5,38.0,0.0,0.0
36.0,37.5,-1.3480617023394665,-1.3480617023394665
36.5,38.0,1.6339057210561687,1.6339057210561687
36.0,37.5,-1.4081701000264137,-1.4081701000264137
36.0,37.5,0.0,0.0
36.5,38.0,1.7637063381581808,1.7637063381581808
36.0,37.5,-1.91793358576481,-1.91793358576481
36.5,38.0,1.3871466845549099,1.3871466845549099
36.0,37.5,-1.7732847173046178,-1.7732847173046178
36.0,37.5,0.0,0.0
36.5,38.0,1.3619501757972512,1.3619501757972512
36.0,37.5,-1.825094972323227,-1.825094972323227
36.0,37.5,0.0,0.0
36.0,37.5,0.0,0.0
36.0,37.5,0.0,0.0
36.5,38.0,1.912504485897811,1.912504485897811
36.5,38.0,0.0,0.0
36.5,38.0,0.0,0.0
36.5,38.0,0.0,0.0
36.0,37.5,-1.8878664708573014,-1.8878664708573014
36.5,38.0,1.4681453472331893,1.4681453472331893
36.5,38.0,0.0,0.0
36.5,38.0,0.0,0.0
36.5,38.0,0.0,0.0
36.5,38.0,0.0,0.0
36.5,38.0,0.0,0.0
36.5,38.0,0.0,0.0
36.5,38.0,0.0,0.0
36.5,38.0,0.0,0.0
36.5,38.0,0.0,0.0
36.5,38.0,0.0,0.0
36.5,38.0,0.0,0.0
36.5,38.0,0.0,0.0
36.5,38.0,0.0,0.0
36.5,38.0,0.0,0.0
36.5,38.0,0.0,0.0
36.5,38.0,0.0,0.0
36.5,38.0,0.0,0.0
36.5,38.0,0.0,0.0
36.5,38.0,0.0,0.0
36.5,38.0,0.0,0.0
36.5,38.0,0.0,0.0
36.5,38.0,0.0,0.0
36.5,38.0,0.0,0.0
36.5,38.0,0.0,0.0
36.5,38.0,0.0,0.0
36.5,38.0,0.0,0.0
36.5,38.0,0.0,0.0
36.5,38.0,0.0,0.0
36.5,38.0,0.0,0.0
36.5,38.0,0.0,0.0
36.5,38.0,0.0,0.0
36.5,38.0,0.0,0.0
36.5,38.0,0.0,0.0
36.5,38.0,0.0,0.0
36.5,38.0,0.0,0.0
36.5,38.0,0.0,0.0
36.5,38.0,0.0,0.0
36.5,38.0,0.0,0.0
36.5,38.0,0.0,0.0
36.5,38.0,0.0,0.0
36.5,38.0,0.0,0.0
36.5,38.0,0.0,0.0
36.5,38.0,0.0,0.0
36.5,38.0,0.0,0.0
36.5,38.0,0.0,0.0
36.5,38.0,0.0,0.0
36.5,38.0,0.0,0.0
36.5,38.0,0.0,0.0
36.5,38.0,0.0,0.0
36.5,38.0,0.0,0.0
36.5,38.0,0.0,0.0
36.5,38.0,0.0,0.0
36.5,38.0,0.0,0.0
36.5,38.0,0.0,0.0
36.5,38.0,0.0,0.0
36.5,38.0,0.0,0.0
36.5,38.0,0.0,0.0
36.5,38.0,0.0,0.0
36.5,38.0,0.0,0.0
36.5,38.0,0.0,0.0
36.5,38.0,0.0,0.0
36.5,38.0,0.0,0.0
36.5,38.0,0.0,0.0
36.5,38.0,0.0,0.0
36.5,38.0,0.0,0.0
36.5,38.0,0.0,0.0
36.5,38.0,0.0,0.0
36.5,38.0,0.0,0.0
36.5,38.0,0.0,0.0
36.5,38.0,0.0,0.0
36.5,38.0,0.0,0.0
36.5,38.0,0.0,0.0
36.5,38.0,0.0,0.0
36.5,38.0,0.0,0.0
36.5,38.0,0.0,0.0
36.5,38.0,0.0,0.0
36.5,38.0,0.0,0.0
36.5,38.0,0.0,0.0
36.5,38.0,0.0,0.0
36.5,38.0,0.0,0.0
36.5,38.0,0.0,0.0
36.5,38.0,0.0,0.0
36.5,38.0,0.0,0.0
36.5,38.0,0.0,0.0
36.5,38.0,0.0,0.0
36.5,38.0,0.0,0.0
36.5,38.0,0.0,0.0
36.5,38.0,0.0,0.0
36.5,38.0,0.0,0.0
36.5,38.0,0.0,0.0
36.5,38.0,0.0,0.0
36.5,38.0,0.0,0.0
36.5,38.0,0.0,0.0
36.5,38.0,0.0,0.0
36.5,38.0,0.0,0.0
36.5,38.0,0.0,0.0
36.5,38.0,0.0,0.0
36.5,38.0,0.0,0.0
36.5,38.0,0.0,0.0
36.5,38.0,0.0,0.0
36.5,38.0,0.0,0.0
36.5,38.0,0.0,0.0
36.5,38.0,0.0,0.0
36.5,38.0,0.0,0.0
36.5,38.0,0.0,0.0
36.5,38.0,0.0,0.0
36.5,38.0,0.0,0.0
36.5,38.0,0.0,0.0
36.5,38.0,0.0,0.0
36.5,38.0,0.0,0.0
36.5,38.0,0.0,0.0
36.5,38.0,0.0,0.0
36.5,38.0,0.0,0.0
36.5,38.0,0.0,0.0
36.5,38.0,0.0,0.0
36.5,38.0,0.0,0.0
36.5,38.0,0.0,0.0
36.5,38.0,0.0,0.0
36.5,38.0,0.0,0.0
36.5,38.0,0.0,0.0
Center X,Center Y,Speed X,Speed Y
Center X,Center Y,Speed X,Speed Y
Center X,Center Y,Speed X,Speed Y
37.0,40.5,-7.7011838019622845,-5.7758878514717145
37.0,40.5,0.0,0.0
37.0,40.5,0.0,0.0
37.0,40.5,0.0,0.0
37.0,40.5,0.0,0.0
37.0,40.5,0.0,0.0
37.0,40.5,0.0,0.0
37.0,40.5,0.0,0.0
37.0,40.5,0.0,0.0
37.0,40.5,0.0,0.0
37.0,40.5,0.0,0.0
37.0,40.5,0.0,0.0
37.0,40.5,0.0,0.0
37.0,40.5,0.0,0.0
37.0,40.5,0.0,0.0
37.0,40.5,0.0,0.0
37.0,40.5,0.0,0.0
37.0,40.5,0.0,0.0
37.0,40.5,0.0,0.0
37.0,40.5,0.0,0.0
37.0,40.5,0.0,0.0
37.0,40.5,0.0,0.0
37.0,40.5,0.0,0.0
37.0,40.5,0.0,0.0
37.0,40.5,0.0,0.0
37.0,40.5,0.0,0.0
37.0,40.5,0.0,0.0
37.0,40.5,0.0,0.0
37.0,40.5,0.0,0.0
37.0,40.5,0.0,0.0
37.0,40.5,0.0,0.0
37.0,40.5,0.0,0.0
37.0,40.5,0.0,0.0
37.0,40.5,0.0,0.0
37.0,40.5,0.0,0.0
37.0,40.5,0.0,0.0
37.0,40.5,0.0,0.0
37.0,40.5,0.0,0.0
37.0,40.5,0.0,0.0
37.0,40.5,0.0,0.0
37.0,40.5,0.0,0.0
37.0,40.5,0.0,0.0
37.0,40.5,0.0,0.0
37.0,40.5,0.0,0.0
37.0,40.5,0.0,0.0
37.0,40.5,0.0,0.0
37.0,40.5,0.0,0.0
37.0,40.5,0.0,0.0
37.0,40.5,0.0,0.0
37.0,40.5,0.0,0.0
37.0,40.5,0.0,0.0
37.0,40.5,0.0,0.0
37.0,40.5,0.0,0.0
37.0,40.5,0.0,0.0
37.0,40.5,0.0,0.0
37.0,40.5,0.0,0.0
37.0,40.5,0.0,0.0
37.0,40.5,0.0,0.0
37.0,40.5,0.0,0.0
37.0,40.5,0.0,0.0
37.0,40.5,0.0,0.0
37.0,40.5,0.0,0.0
37.0,40.5,0.0,0.0
37.0,40.5,0.0,0.0
37.0,40.5,0.0,0.0
37.0,40.5,0.0,0.0
37.0,40.5,0.0,0.0
37.0,40.5,0.0,0.0
37.0,40.5,0.0,0.0
37.0,40.5,0.0,0.0
37.0,40.5,0.0,0.0
37.0,40.5,0.0,0.0
37.0,40.5,0.0,0.0
37.0,40.5,0.0,0.0
37.0,40.5,0.0,0.0
37.0,40.5,0.0,0.0
37.0,40.5,0.0,0.0
37.0,40.5,0.0,0.0
37.0,40.5,0.0,0.0
37.0,40.5,0.0,0.0
37.0,40.5,0.0,0.0
37.0,40.5,0.0,0.0
37.0,40.5,0.0,0.0
37.0,40.5,0.0,0.0
37.0,40.5,0.0,0.0
37.0,40.5,0.0,0.0
37.0,40.5,0.0,0.0
37.0,40.5,0.0,0.0
37.0,40.5,0.0,0.0
37.0,40.5,0.0,0.0
37.0,40.5,0.0,0.0
37.0,40.5,0.0,0.0
37.0,40.5,0.0,0.0
37.0,40.5,0.0,0.0
37.0,40.5,0.0,0.0
37.0,40.5,0.0,0.0
37.0,40.5,0.0,0.0
37.0,40.5,0.0,0.0
37.0,40.5,0.0,0.0
37.0,40.5,0.0,0.0
37.0,40.5,0.0,0.0
37.0,40.5,0.0,0.0
37.0,40.5,0.0,0.0
37.0,40.5,0.0,0.0
37.0,40.5,0.0,0.0
37.0,40.5,0.0,0.0
37.0,40.5,0.0,0.0
37.0,40.5,0.0,0.0
37.0,40.5,0.0,0.0
37.0,40.5,0.0,0.0
37.0,40.5,0.0,0.0
37.0,40.5,0.0,0.0
37.0,40.5,0.0,0.0
37.0,40.5,0.0,0.0
37.0,40.5,0.0,0.0
37.0,40.5,0.0,0.0
37.0,40.5,0.0,0.0
37.0,40.5,0.0,0.0
37.0,40.5,0.0,0.0
Center X,Center Y,Speed X,Speed Y
Center X,Center Y,Speed X,Speed Y
Center X,Center Y,Speed X,Speed Y
Center X,Center Y,Speed X,Speed Y
40.5,29.5,1.9379654745932753,1.9379654745932753
40.5,29.5,0.0,0.0
40.5,29.5,0.0,0.0
40.5,29.5,0.0,0.0
38.5,27.5,-4.886529433827355,-4.886529433827355
40.0,29.0,3.9532069065136697,3.9532069065136697
40.0,29.0,0.0,0.0
38.5,27.5,-3.8002668921670555,-3.8002668921670555
40.0,29.0,3.816725892507386,3.816725892507386
40.0,29.0,0.0,0.0
40.0,29.0,0.0,0.0
40.0,29.0,0.0,0.0
40.0,29.0,0.0,0.0
40.0,29.0,0.0,0.0
40.0,29.0,0.0,0.0
40.0,29.0,0.0,0.0
40.0,29.0,0.0,0.0
40.0,29.0,0.0,0.0
40.0,29.0,0.0,0.0
40.0,29.0,0.0,0.0
40.0,29.0,0.0,0.0
40.0,29.0,0.0,0.0
36.5,26.5,-12.189363831128913,-8.706688450806368
40.0,29.0,9.859879366648173,7.042770976177266
40.0,29.0,0.0,0.0
40.0,29.0,0.0,0.0
40.0,29.0,0.0,0.0
40.0,29.0,0.0,0.0
40.0,29.0,0.0,0.0
40.0,29.0,0.0,0.0
40.0,29.0,0.0,0.0
40.0,29.0,0.0,0.0
40.0,29.0,0.0,0.0
40.0,29.0,0.0,0.0
40.0,29.0,0.0,0.0
40.0,29.0,0.0,0.0
40.0,29.0,0.0,0.0
40.0,29.0,0.0,0.0
40.0,29.0,0.0,0.0
Center X,Center Y,Speed X,Speed Y
Center X,Center Y,Speed X,Speed Y
Center X,Center Y,Speed X,Speed Y
Center X,Center Y,Speed X,Speed Y
55.5,34.5,1.8680143154288178,1.8680143154288178
55.5,34.5,0.0,0.0
55.5,34.5,0.0,0.0
55.5,34.5,0.0,0.0
55.5,34.5,0.0,0.0
55.5,34.5,0.0,0.0
55.5,34.5,0.0,0.0
55.5,34.5,0.0,0.0
55.5,34.5,0.0,0.0
55.5,34.5,0.0,0.0
55.5,34.5,0.0,0.0
55.5,34.5,0.0,0.0
55.5,34.5,0.0,0.0
55.5,34.5,0.0,0.0
55.5,34.5,0.0,0.0
55.5,34.5,0.0,0.0
55.5,34.5,0.0,0.0
55.5,34.5,0.0,0.0
55.5,34.5,0.0,0.0
55.5,34.5,0.0,0.0
55.5,34.5,0.0,0.0
55.5,34.5,0.0,0.0
55.5,34.5,0.0,0.0
55.5,34.5,0.0,0.0
55.5,34.5,0.0,0.0
55.5,34.5,0.0,0.0
55.5,34.5,0.0,0.0
55.5,34.5,0.0,0.0
55.5,34.5,0.0,0.0
55.5,34.5,0.0,0.0
55.5,34.5,0.0,0.0
55.5,34.5,0.0,0.0
55.5,34.5,0.0,0.0
55.5,34.5,0.0,0.0
55.5,34.5,0.0,0.0
55.5,34.5,0.0,0.0
55.5,34.5,0.0,0.0
55.5,34.5,0.0,0.0
55.5,34.5,0.0,0.0
55.5,34.5,0.0,0.0
55.5,34.5,0.0,0.0
55.5,34.5,0.0,0.0
55.5,34.5,0.0,0.0
55.5,34.5,0.0,0.0
55.5,34.5,0.0,0.0
55.5,34.5,0.0,0.0
55.5,34.5,0.0,0.0
55.5,34.5,0.0,0.0
55.5,34.5,0.0,0.0
55.5,34.0,0.0,-1.4200820063988848
55.5,33.0,0.0,-3.622723446584439
55.5,32.0,0.0,-3.506974499370663
56.0,29.0,1.417124497673548,-8.502746986041288
56.0,28.0,0.0,-3.4598988566300273
56.0,26.5,0.0,-4.25297919732989
56.0,25.5,0.0,-3.7447170193713015
56.0,24.5,0.0,-3.5725309487599004
56.0,23.5,0.0,-3.85141503563522
56.0,23.0,0.0,-1.7975964320442765
56.0,22.5,0.0,-1.3836265214049301
56.0,22.5,0.0,0.0
56.0,22.5,0.0,0.0
56.0,22.5,0.0,0.0
56.0,22.0,0.0,-1.8371190855929622
56.0,21.5,0.0,-1.8197491065161744
56.0,21.5,0.0,0.0
56.0,21.0,0.0,-1.8200963510173125
56.0,21.0,0.0,0.0
56.0,20.0,0.0,-2.818748924788622
56.0,19.5,0.0,-1.7463901448267896
56.0,19.0,0.0,-1.4092654465129815
56.0,19.0,0.0,0.0
56.0,19.0,0.0,0.0
56.0,19.0,0.0,0.0
56.0,19.0,0.0,0.0
56.0,19.0,0.0,0.0
56.0,19.0,0.0,0.0
56.5,19.0,1.8722677094849656,0.0
56.5,19.0,0.0,0.0
56.0,19.0,-1.8238591563060462,0.0
56.5,19.0,1.7948247339606962,0.0
56.0,19.0,-1.4067688299901753,0.0
56.5,19.0,1.8368818368379254,0.0
56.5,19.0,0.0,0.0
56.0,19.0,-1.4043187454915393,0.0
56.0,19.0,0.0,0.0
56.0,19.0,0.0,0.0
56.0,19.0,0.0,0.0
56.0,19.0,0.0,0.0
56.0,19.0,0.0,0.0
56.0,19.0,0.0,0.0
56.0,19.0,0.0,0.0
56.0,19.0,0.0,0.0
56.0,19.0,0.0,0.0
55.5,21.0,-1.8371170041970948,7.348468016788379
55.5,20.5,0.0,-1.7903935181285449
55.5,23.5,0.0,8.338859402529238
55.5,22.5,0.0,-3.5891925931143134
55.5,21.0,0.0,-5.686034765969253
55.5,20.5,0.0,-1.761744109463837
55.0,19.0,-1.4968045076039962,-4.490413522811989
55.0,19.0,0.0,0.0
55.0,19.5,0.0,1.8677797775846003
55.0,19.0,0.0,-1.8373543137076334
55.0,19.0,0.0,0.0
55.5,21.5,1.391650384364956,6.958251921824779
55.0,20.5,-1.7460930149685194,-3.492186029937039
55.0,19.5,0.0,-3.8190361395583357
55.0,22.0,0.0,9.45263785295193
55.0,21.0,0.0,-3.8197648516519602
55.0,23.0,0.0,7.687164208078542
55.0,22.0,0.0,-2.76192681123282
54.5,23.0,-1.770009538621808,3.540019077243616
54.5,25.0,0.0,7.562559961338659
54.0,28.5,-1.374712620451364,9.622988343159548
54.0,33.0,0.0,16.413938529940648
54.0,36.0,0.0,10.668783454327135
54.5,24.5,1.4106127917015865,-32.44409420913649
54.5,24.5,0.0,0.0
54.5,24.5,0.0,0.0
54.5,24.5,0.0,0.0
54.5,24.5,0.0,0.0
54.5,24.5,0.0,0.0
54.5,24.5,0.0,0.0
54.5,24.5,0.0,0.0
54.5,24.5,0.0,0.0
54.5,24.5,0.0,0.0
54.5,24.5,0.0,0.0
54.5,24.5,0.0,0.0
54.5,24.5,0.0,0.0
54.5,24.5,0.0,0.0
54.5,24.5,0.0,0.0
54.5,24.5,0.0,0.0
54.5,24.5,0.0,0.0
Center X,Center Y,Speed X,Speed Y
Center X,Center Y,Speed X,Speed Y
Center X,Center Y,Speed X,Speed Y
91.0,50.0,3.5542305367274207,0.0
91.0,50.0,0.0,0.0
90.5,49.5,-1.400744881328705,-1.400744881328705
90.5,49.5,0.0,0.0
90.5,49.5,0.0,0.0
90.5,49.5,0.0,0.0
90.5,49.5,0.0,0.0
90.5,50.0,0.0,1.242324507517124
90.5,50.0,0.0,0.0
90.5,50.0,0.0,0.0
90.5,49.5,0.0,-1.7031086184790853
90.5,49.5,0.0,0.0
90.5,49.5,0.0,0.0
90.5,50.0,0.0,1.8574223482203276
90.5,49.5,0.0,-1.3933783998371743
90.5,49.5,0.0,0.0
90.5,50.0,0.0,1.8766556236276888
90.5,49.5,0.0,-1.7134187748523717
90.5,49.5,0.0,0.0
90.5,50.0,0.0,1.8209998072328772
90.5,49.5,0.0,-1.8088157688460629
91.0,50.0,1.5046059127477533,1.5046059127477533
90.5,49.5,-1.7026096854999337,-1.7026096854999337
90.5,49.5,0.0,0.0
90.5,50.0,0.0,1.5469848310972372
90.5,49.5,0.0,-1.7545193935776362
90.5,50.0,0.0,1.8656565581802105
90.5,49.5,0.0,-1.8103788636831206
90.5,49.5,0.0,0.0
90.5,50.0,0.0,1.74769645801189
90.5,50.0,0.0,0.0
90.5,49.5,0.0,-1.4532726260665476
90.5,49.5,0.0,0.0
90.5,49.5,0.0,0.0
90.5,49.5,0.0,0.0
90.5,50.0,0.0,1.585214213713335
90.5,50.0,0.0,0.0
90.5,49.5,0.0,-1.6923599266810163
90.5,49.5,0.0,0.0
90.5,50.0,0.0,1.7898875830645653
90.5,49.5,0.0,-1.8791850054880412
90.5,49.5,0.0,0.0
90.5,49.5,0.0,0.0
90.5,49.5,0.0,0.0
90.5,49.5,0.0,0.0
90.5,49.5,0.0,0.0
90.5,49.5,0.0,0.0
90.5,49.5,0.0,0.0
90.5,49.5,0.0,0.0
90.5,49.5,0.0,0.0
90.5,49.5,0.0,0.0
90.5,49.5,0.0,0.0
90.5,49.5,0.0,0.0
90.5,49.5,0.0,0.0
90.5,49.5,0.0,0.0
90.5,49.5,0.0,0.0
90.5,49.5,0.0,0.0
90.5,49.5,0.0,0.0
90.5,49.5,0.0,0.0
90.5,49.5,0.0,0.0
90.5,49.5,0.0,0.0
90.5,49.5,0.0,0.0
90.5,49.5,0.0,0.0
90.5,49.5,0.0,0.0
90.5,49.5,0.0,0.0
90.5,49.5,0.0,0.0
90.5,49.5,0.0,0.0
90.5,49.5,0.0,0.0
90.5,49.5,0.0,0.0
90.5,49.5,0.0,0.0
90.5,49.5,0.0,0.0
90.5,49.5,0.0,0.0
90.5,49.0,0.0,-1.6144862631060044
90.0,49.0,-1.8581332581037358,0.0
90.5,49.5,1.5345595970235633,1.5345595970235633
90.5,49.5,0.0,0.0
90.5,49.5,0.0,0.0
90.5,49.5,0.0,0.0
90.5,49.5,0.0,0.0
90.5,49.5,0.0,0.0
90.5,49.5,0.0,0.0
90.5,49.5,0.0,0.0
90.5,49.5,0.0,0.0
90.5,49.5,0.0,0.0
90.5,49.5,0.0,0.0
90.5,49.5,0.0,0.0
90.5,49.5,0.0,0.0
90.5,49.5,0.0,0.0
90.5,49.5,0.0,0.0
90.5,49.0,0.0,-1.6818071086157147
90.5,49.0,0.0,0.0
90.0,49.0,-1.8973986285338516,0.0
90.5,49.5,1.7184687204984808,1.7184687204984808
90.5,49.5,0.0,0.0
90.5,49.5,0.0,0.0
90.5,49.5,0.0,0.0
90.5,49.5,0.0,0.0
90.5,49.5,0.0,0.0
90.5,49.5,0.0,0.0
Center X,Center Y,Speed X,Speed Y
84.5,38.5,1.6450065519384036,1.6450065519384036
84.5,38.5,0.0,0.0
84.5,38.5,0.0,0.0
84.5,38.5,0.0,0.0
84.5,38.5,0.0,0.0
84.5,38.5,0.0,0.0
84.5,38.5,0.0,0.0
84.5,38.5,0.0,0.0
84.5,38.5,0.0,0.0
84.5,38.5,0.0,0.0
84.5,38.5,0.0,0.0
84.5,38.5,0.0,0.0
84.5,38.5,0.0,0.0
84.5,38.5,0.0,0.0
84.5,38.5,0.0,0.0
84.5,38.5,0.0,0.0
84.5,38.5,0.0,0.0
84.5,38.5,0.0,0.0
84.5,38.5,0.0,0.0
84.5,38.5,0.0,0.0
84.5,38.5,0.0,0.0
84.5,38.5,0.0,0.0
84.5,38.5,0.0,0.0
84.5,38.5,0.0,0.0
84.5,38.5,0.0,0.0
84.5,38.5,0.0,0.0
84.5,38.0,0.0,-1.8548599321095585
84.5,38.5,0.0,1.8666724360891571
84.5,38.5,0.0,0.0
84.5,38.5,0.0,0.0
84.5,38.5,0.0,0.0
84.5,38.5,0.0,0.0
84.5,38.5,0.0,0.0
84.5,38.5,0.0,0.0
84.5,38.5,0.0,0.0
84.5,38.5,0.0,0.0
84.5,38.5,0.0,0.0
84.5,38.5,0.0,0.0
84.5,38.5,0.0,0.0
84.5,38.5,0.0,0.0
84.5,38.5,0.0,0.0
84.5,38.5,0.0,0.0
84.5,38.5,0.0,0.0
84.5,38.5,0.0,0.0
84.5,38.5,0.0,0.0
84.5,38.5,0.0,0.0
84.5,38.5,0.0,0.0
84.5,38.5,0.0,0.0
84.5,38.5,0.0,0.0
84.5,38.5,0.0,0.0
84.5,38.5,0.0,0.0
84.5,38.5,0.0,0.0
84.5,38.5,0.0,0.0
84.5,38.0,0.0,-1.8271247636250618
84.5,38.5,0.0,1.869646952199478
84.5,38.5,0.0,0.0
84.5,38.5,0.0,0.0
84.5,38.5,0.0,0.0
84.5,38.5,0.0,0.0
84.5,38.5,0.0,0.0
84.5,38.5,0.0,0.0
84.5,38.5,0.0,0.0
84.5,38.5,0.0,0.0
84.5,38.5,0.0,0.0
84.5,38.5,0.0,0.0
84.5,38.5,0.0,0.0
84.5,38.5,0.0,0.0
84.5,38.5,0.0,0.0
84.5,38.5,0.0,0.0
84.5,38.5,0.0,0.0
84.5,38.5,0.0,0.0
84.5,38.5,0.0,0.0
84.5,38.5,0.0,0.0
84.5,38.5,0.0,0.0
84.5,38.5,0.0,0.0
84.5,38.5,0.0,0.0
84.5,38.5,0.0,0.0
84.5,38.5,0.0,0.0
84.5,38.5,0.0,0.0
84.5,38.5,0.0,0.0
84.5,38.5,0.0,0.0
84.5,38.5,0.0,0.0
84.5,38.5,0.0,0.0
84.5,38.5,0.0,0.0
84.5,38.5,0.0,0.0
84.5,38.5,0.0,0.0
84.5,38.5,0.0,0.0
84.5,38.0,0.0,-1.841998319151238
84.5,38.5,0.0,1.5102534383104962
84.5,38.5,0.0,0.0
84.5,38.5,0.0,0.0
84.5,38.5,0.0,0.0
84.5,38.5,0.0,0.0
84.5,38.5,0.0,0.0
84.5,38.5,0.0,0.0
84.5,38.5,0.0,0.0
84.5,38.5,0.0,0.0
84.5,38.5,0.0,0.0
84.5,38.5,0.0,0.0
84.5,38.5,0.0,0.0
84.5,38.5,0.0,0.0
84.5,38.5,0.0,0.0
84.5,38.5,0.0,0.0
84.5,38.5,0.0,0.0
84.5,38.5,0.0,0.0
84.5,38.5,0.0,0.0
84.5,38.5,0.0,0.0
84.5,38.5,0.0,0.0
84.5,38.5,0.0,0.0
84.5,38.5,0.0,0.0
84.5,38.5,0.0,0.0
84.5,38.0,0.0,-1.8906796710836868
84.5,38.0,0.0,0.0
84.5,38.5,0.0,1.841406340750226
84.5,38.0,0.0,-1.5622500109357025
84.5,38.0,0.0,0.0
84.5,38.5,0.0,1.580150421225363
84.5,38.5,0.0,0.0
84.5,38.0,0.0,-1.4663198506383546
84.5,38.5,0.0,1.838191631486932
84.5,38.5,0.0,0.0
84.5,38.5,0.0,0.0
84.5,38.5,0.0,0.0
84.5,38.5,0.0,0.0
84.5,38.5,0.0,0.0
84.5,38.5,0.0,0.0
84.5,38.5,0.0,0.0
84.5,38.5,0.0,0.0
84.5,38.5,0.0,0.0
84.5,38.5,0.0,0.0
84.5,38.5,0.0,0.0
84.5,38.5,0.0,0.0
84.5,38.5,0.0,0.0
84.5,38.5,0.0,0.0
84.5,38.5,0.0,0.0
84.5,38.5,0.0,0.0
84.5,38.5,0.0,0.0
84.5,38.5,0.0,0.0
84.5,38.5,0.0,0.0
84.5,38.5,0.0,0.0
84.5,38.5,0.0,0.0
84.5,38.5,0.0,0.0
84.5,38.5,0.0,0.0
84.5,38.5,0.0,0.0
84.5,38.5,0.0,0.0
84.5,38.5,0.0,0.0
84.5,38.5,0.0,0.0
84.5,38.5,0.0,0.0
84.5,38.5,0.0,0.0
84.0,38.0,-1.5989008207451787,-1.5989008207451787
84.0,38.5,0.0,1.8834479134681907
83.5,38.0,-1.870233502017298,-1.870233502017298
84.5,38.5,3.556619965542802,1.778309982771401
84.0,38.0,-1.7120746005715493,-1.7120746005715493
82.0,36.0,-5.9049649431375535,-5.9049649431375535
82.0,36.0,0.0,0.0
82.0,36.0,0.0,0.0
81.5,35.5,-1.8585144787369687,-1.8585144787369687
80.5,34.5,-3.3925378786257014,-3.3925378786257014
79.5,33.5,-2.9300907272158345,-2.9300907272158345
80.0,34.0,1.8004006918989823,1.8004006918989823
79.5,33.5,-1.498338372443775,-1.498338372443775
79.5,33.5,0.0,0.0
78.0,32.5,-5.698230196934894,-3.7988201312899297
78.5,33.0,1.7816433858727592,1.7816433858727592
78.5,32.5,0.0,-1.4091466506566122
78.5,32.5,0.0,0.0
78.0,32.0,-1.52199800480064,-1.52199800480064
78.5,32.5,1.8334548223605758,1.8334548223605758
78.5,32.5,0.0,0.0
78.0,32.0,-1.8491761472473098,-1.8491761472473098
78.0,32.0,0.0,0.0
78.0,32.0,0.0,0.0
77.5,31.5,-1.8967217003495322,-1.8967217003495322
77.0,31.0,-1.464254230962109,-1.464254230962109
76.0,30.0,-3.30237545309496,-3.30237545309496
75.5,29.5,-1.9042840312933973,-1.9042840312933973
75.5,29.5,0.0,0.0
75.5,29.5,0.0,0.0
75.5,29.5,0.0,0.0
75.5,29.5,0.0,0.0
76.0,30.5,1.3444904632935188,2.6889809265870377
75.5,29.5,-1.7615067921645882,-3.5230135843291763
75.5,29.5,0.0,0.0
76.0,30.0,1.6141648283813803,1.6141648283813803
75.5,29.5,-1.6624811256932248,-1.6624811256932248
75.5,29.5,0.0,0.0
75.5,30.0,0.0,1.39325029587648
75.5,30.0,0.0,0.0
76.0,30.0,1.420481338801928,0.0
76.0,30.0,0.0,0.0
75.5,29.5,-1.8659614201599959,-1.8659614201599959
75.5,29.5,0.0,0.0
76.0,30.0,1.6299704549823288,1.6299704549823288
76.0,30.0,0.0,0.0
76.0,30.0,0.0,0.0
76.5,30.5,1.4325438514496445,1.4325438514496445
77.0,30.5,1.8873588747267804,0.0
77.5,31.0,1.8310945267926786,1.8310945267926786
78.5,32.0,3.1314512128882486,3.1314512128882486
79.5,33.0,3.1314693553256214,3.1314693553256214
79.5,33.0,0.0,0.0
80.0,33.5,1.7258507638301592,1.7258507638301592
80.5,34.0,1.4607665294498535,1.4607665294498535
80.5,34.0,0.0,0.0
81.0,34.5,1.8838680455872727,1.8838680455872727
81.5,35.5,1.5685290718893103,3.1370581437786207
83.0,36.5,4.5625166105338675,3.041677740355912
83.5,37.5,1.6596462904589722,3.3192925809179443
84.0,38.0,1.0225955289532034,1.0225955289532034
83.0,36.5,-2.628563033440862,-3.942844550161293
83.0,37.0,0.0,1.3058342863094874
83.0,36.5,0.0,-1.369826876796132
83.0,36.5,0.0,0.0
83.0,37.0,0.0,1.2637562989497326
83.0,36.5,0.0,-1.2455920798392035
83.0,37.0,0.0,1.255569717481407
83.0,36.5,0.0,-1.2635248817915656
82.5,39.0,-1.315096949503904,6.5754847475195195
82.5,36.0,0.0,-11.00271947365378
81.5,35.5,-3.625870608368,-1.812935304184
80.5,35.0,-2.9335416470987057,-1.4667708235493528
80.0,34.0,-1.6011980806968757,-3.2023961613937515
79.0,33.0,-3.0314675908720266,-3.0314675908720266
77.5,32.5,-4.855360913646582,-1.6184536378821939
76.0,30.5,-4.699890665054681,-6.266520886739575
76.0,30.5,0.0,0.0
75.5,30.0,-1.532828989965076,-1.532828989965076
76.0,30.5,1.5988093827344518,1.5988093827344518
76.0,30.5,0.0,0.0
76.0,30.5,0.0,0.0
76.0,30.5,0.0,0.0
75.5,30.0,-1.8475306334555694,-1.8475306334555694
76.0,30.5,1.5928632260924684,1.5928632260924684
75.5,30.0,-1.7214040784256335,-1.7214040784256335
76.0,30.5,1.8723498616680452,1.8723498616680452
76.0,30.5,0.0,0.0
76.0,30.5,0.0,0.0
75.5,30.0,-1.4314057165422551,-1.4314057165422551
75.5,30.0,0.0,0.0
76.0,30.5,1.749436847849511,1.749436847849511
76.5,30.5,1.447403951796784,0.0
78.0,33.0,5.660646871739921,9.434411452899868
79.0,33.0,3.614688006951832,0.0
80.5,34.5,5.318394284933485,5.318394284933485
81.5,35.0,2.895940131893585,1.4479700659467925
83.0,37.5,4.934964584567072,8.224940974278454
83.5,38.0,1.577469485260999,1.577469485260999
84.0,38.0,1.6878256353906496,0.0
84.5,38.0,1.6267620931492945,0.0
84.5,38.0,0.0,0.0
84.5,38.0,0.0,0.0
84.5,38.0,0.0,0.0
84.5,38.0,0.0,0.0
84.5,38.0,0.0,0.0
84.5,38.0,0.0,0.0
84.5,38.0,0.0,0.0
84.5,38.5,0.0,1.8045140730710123
84.5,38.0,0.0,-1.8886360763539407
84.5,38.0,0.0,0.0
84.0,38.0,-1.6846727123548355,0.0
84.0,37.5,0.0,-1.6912743450852834
83.0,40.0,-3.2230133130668253,8.057533282667062
82.5,38.5,-1.8949661600019112,-5.684898480005734
81.5,36.0,-3.275855734584506,-8.189639336461266
80.5,34.5,-3.5944915333206584,-5.391737299980988
79.5,33.5,-2.72759800053074,-2.72759800053074
79.0,33.5,-1.50092635584804,0.0
79.0,33.0,0.0,-1.6393088943250975
79.0,33.0,0.0,0.0
79.0,33.5,0.0,1.8773617728382277
79.5,33.0,1.8779901489765394,-1.8779901489765394
79.5,33.5,0.0,1.563883306280685
79.5,33.5,0.0,0.0
79.5,33.5,0.0,0.0
79.5,33.0,0.0,-1.7145311668055507
79.5,33.5,0.0,1.5021388132759181
79.5,33.0,0.0,-1.6548883769128477
79.5,33.5,0.0,1.820825996002982
80.0,33.5,1.4670614500713537,0.0
80.5,34.5,1.8941006704371481,3.7882013408742963
80.5,34.0,0.0,-1.7566900945026862
81.0,36.0,1.8297803693286052,7.319121477314421
80.5,34.0,-1.3456932902037704,-5.3827731608150815
81.5,41.0,3.565202325669454,24.956416279686174
81.5,41.0,0.0,0.0
81.5,40.5,0.0,-1.433887912743813
81.5,40.5,0.0,0.0
81.5,40.5,0.0,0.0
80.5,34.0,-2.7916601517120716,-18.145790986128468
80.5,34.0,0.0,0.0
80.5,34.0,0.0,0.0
80.5,34.5,0.0,1.446887339161761
80.0,33.0,-1.7745325431434005,-5.323597629430201
80.0,33.5,0.0,1.357092097066066
80.0,33.5,0.0,0.0
80.0,36.0,0.0,9.427368563237227
79.5,33.5,-1.8899612666228989,-9.449806333114493
79.5,33.0,0.0,-1.5428868502361803
79.5,33.0,0.0,0.0
79.5,33.0,0.0,0.0
79.5,33.5,0.0,1.7922477613339989
79.5,33.0,0.0,-1.5092427473464058
79.5,33.0,0.0,0.0
79.5,33.0,0.0,0.0
79.5,33.0,0.0,0.0
Center X,Center Y,Speed X,Speed Y
Center X,Center Y,Speed X,Speed Y
Center X,Center Y,Speed X,Speed Y
82.0,108.5,7.628011451833091,9.535014314791363
82.5,105.0,1.349275421485364,-9.444927950397549
82.0,109.0,-0.9847848294510109,7.878278635608087
82.0,108.5,0.0,-1.228343536026292
82.5,103.5,1.2888884212542688,-12.888884212542688
82.0,109.0,-0.9879095419699317,10.86700496166925
81.5,113.0,-1.326079895018675,10.6086391601494
82.5,103.0,2.604712838037289,-26.047128380372893
82.0,108.5,-1.1837743740782387,13.021518114860624
81.5,110.0,-1.3663421492868904,4.099026447860671
81.5,106.5,0.0,-13.017732995447586
81.0,107.0,-1.7125917584309047,1.7125917584309047
81.0,102.5,0.0,-16.926180430246976
80.5,104.5,-1.4075320356889711,5.6301281427558845
80.0,108.0,-1.837995772407795,12.865970406854565
80.0,109.0,0.0,3.550522181824486
80.0,109.5,0.0,1.4761794149488057
80.5,105.0,1.7738026527036967,-15.964223874333271
80.0,110.0,-1.7061065727608629,17.06106572760863
80.5,107.0,1.6773204386253349,-10.06392263175201
80.5,108.0,0.0,2.8944436074941216
81.0,101.5,1.6221078361420518,-21.087401869846676
80.5,107.0,-1.7620772270621732,19.382849497683907
81.0,104.0,1.5699839742980286,-9.419903845788172
81.0,106.0,0.0,6.614160006895638
81.5,106.5,1.5565064557456652,1.5565064557456652
81.0,112.5,-1.8798298579389061,22.557958295266875
81.5,106.5,1.7473875852141743,-20.96865102257009
81.5,104.0,0.0,-9.569576759490825
80.5,109.0,-2.824009039477584,14.120045197387919
80.0,111.0,-1.7240414728221973,6.896165891288789
80.0,108.0,0.0,-11.106519543439031
80.0,106.0,0.0,-7.393829292439963
80.0,105.5,0.0,-1.4823384505794164
80.0,107.0,0.0,5.200784560832149
80.5,105.5,1.8161252613575953,-5.448375784072787
81.0,103.5,1.609900287378231,-6.439601149512924
81.0,106.5,0.0,9.244557648312673
81.5,101.0,1.8312082611701548,-20.1432908728717
80.5,111.5,-3.3043371410270703,34.69553998078424
81.0,106.5,1.4833039190014725,-14.833039190014722
81.0,107.0,0.0,1.8930635679876384
81.0,108.5,0.0,4.789731389670453
81.5,106.0,1.4940407128145996,-7.470203564072997
82.0,104.0,1.7642340486524501,-7.056936194609801
82.0,106.5,0.0,6.7287568297653575
82.0,104.5,0.0,-6.15321582276455
81.5,104.0,-1.685460714230566,-1.685460714230566
81.0,104.0,-1.7984238270667232,0.0
80.0,110.0,-3.3326467586275603,19.995880551765364
79.5,113.0,-1.7841977849781812,10.705186709869086
80.0,109.0,1.4954475372988356,-11.963580298390685
80.0,112.0,0.0,11.299926212453535
80.5,109.0,1.634582670549571,-9.807496023297425
80.5,107.5,0.0,-4.797350535502899
80.5,106.5,0.0,-3.1974012333054618
80.5,105.5,0.0,-3.0982586192345356
81.0,103.5,1.4846579614389568,-5.938631845755827
81.5,105.5,1.5150625020210207,6.060250008084083
81.5,105.0,0.0,-1.608120070642347
81.0,106.5,-1.5492018320417968,4.64760549612539
81.0,102.0,0.0,-15.41347233929897
81.0,100.0,0.0,-6.661501051087713
81.0,105.5,0.0,19.008474515751768
81.5,111.0,1.4316420468174869,15.748062514992354
82.0,108.5,1.2270654184072498,-6.135327092036249
82.0,105.5,0.0,-11.276299241648115
81.0,111.0,-2.790305449110154,15.346679970105848
81.5,103.0,1.2433161335355412,-19.89305813656866
81.5,104.0,0.0,2.959717369782792
81.5,103.5,0.0,-1.7476870395445105
80.5,113.0,-3.3416472760537577,31.745649122510702
81.0,104.5,1.291810754074192,-21.960782819261265
80.5,109.0,-1.8392758618407348,16.553482756566613
81.0,106.5,1.270962554318752,-6.3548127715937595
81.5,108.0,1.6539431025923514,4.961829307777055
82.0,106.0,1.5461926864031326,-6.18477074561253
82.0,106.0,0.0,0.0
81.5,106.5,-1.8628017093684266,1.8628017093684266
81.0,111.5,-1.4331427304332862,14.331427304332863
81.0,106.5,0.0,-18.27719954496645
80.5,107.5,-1.58433445470531,3.16866890941062
80.0,106.0,-1.52141393420522,-4.564241802615659
80.0,104.5,0.0,-5.198289190838525
80.0,104.5,0.0,0.0
80.0,103.0,0.0,-4.918423924415289
80.0,104.0,0.0,3.2070165884787682
80.0,105.5,0.0,4.871772160253844
80.5,102.5,1.5777519069628092,-9.466511441776854
80.5,102.5,0.0,0.0
80.5,103.5,0.0,3.3976276006694968
80.0,103.5,-1.3871348180827927,0.0
79.5,104.0,-1.7131182782816257,1.7131182782816257
79.5,105.5,0.0,4.709381955896492
80.0,103.5,1.678965144562592,-6.715860578250368
80.5,101.0,1.571986972748034,-7.859934863740171
81.0,100.5,1.7061155483954458,-1.7061155483954458
81.0,100.0,0.0,-1.65757309620464
81.0,102.0,0.0,5.202852418560153
81.0,106.5,0.0,15.141634983378006
81.5,106.5,1.441631188443648,0.0
81.5,104.5,0.0,-6.727898330484655
81.5,102.0,0.0,-6.617659718131817
81.5,106.5,0.0,14.551906843953557
82.0,106.0,1.5978703838912287,-1.5978703838912287
82.0,107.0,0.0,3.3501357987296116
82.0,106.5,0.0,-1.8746075408740897
81.5,108.5,-1.4010595616264083,5.604238246505633
81.5,103.5,0.0,-15.530076633287479
81.5,104.5,0.0,3.0046784481578093
81.5,104.5,0.0,0.0
81.0,108.0,-1.3037208118564472,9.12604568299513
81.0,103.5,0.0,-13.873638768538854
80.5,105.0,-1.532879706594905,4.598639119784714
80.5,102.5,0.0,-7.730801254230179
81.0,101.5,1.5265444732162083,-3.0530889464324167
80.5,111.0,-1.7444061827366801,33.14371747199692
81.0,106.5,1.616122741253916,-14.545104671285245
81.0,107.5,0.0,3.0604851041210437
81.5,103.0,1.5705861631816762,-14.135275468635085
81.5,108.0,0.0,15.822412158554156
81.5,108.0,0.0,0.0
81.0,108.5,-1.4599037705641467,1.4599037705641467
81.5,101.5,1.7566843850995402,-24.59358139139356
81.5,101.0,0.0,-1.8593456131052621
81.0,102.5,-1.3809422361091255,4.142826708327376
80.5,108.5,-1.790421194700997,21.485054336411967
81.0,104.5,1.3998439835546386,-11.198751868437109
81.0,107.5,0.0,9.46875025679358
82.0,105.0,3.3479258120207,-8.369814530051748
82.0,107.0,0.0,6.92747671191545
82.0,107.5,0.0,1.8553905318418384
82.5,98.5,1.6923210688337251,-30.461779239007054
82.0,96.0,-1.8316447187038103,-9.158223593519052
82.5,89.5,1.572273532674804,-20.439555924772453
82.5,89.0,0.0,-1.6805016067540082
82.5,89.0,0.0,0.0
82.5,90.0,0.0,3.3997504523026345
82.0,89.5,-1.3702783371773997,-1.3702783371773997
82.0,89.0,0.0,-1.7063866570593025
Center X,Center Y,Speed X,Speed Y
Center X,Center Y,Speed X,Speed Y
Center X,Center Y,Speed X,Speed Y
Center X,Center Y,Speed X,Speed Y
Center X,Center Y,Speed X,Speed Y
Center X,Center Y,Speed X,Speed Y
